0 verbose cli C:\Program Files\nodejs\node.exe C:\Program Files\nodejs\node_modules\npm\bin\npm-cli.js
1 info using npm@11.8.0
2 info using node@v24.13.1
3 silly config load:file:C:\Program Files\nodejs\node_modules\npm\npmrc
4 silly config load:file:C:\Users\NTC\Documents\Codex\2026-07-30\hi-mathan-thanks-for-your-time\.npmrc
5 silly config load:file:C:\Users\NTC\.npmrc
6 silly config load:file:C:\Users\NTC\AppData\Roaming\npm\etc\npmrc
7 verbose title npm install
8 verbose argv "install" "--cache" ".npm-cache"
9 verbose logfile logs-max:10 dir:C:\Users\NTC\Documents\Codex\2026-07-30\hi-mathan-thanks-for-your-time\.npm-cache\_logs\2026-07-30T17_08_55_930Z-
10 verbose logfile C:\Users\NTC\Documents\Codex\2026-07-30\hi-mathan-thanks-for-your-time\.npm-cache\_logs\2026-07-30T17_08_55_930Z-debug-0.log
11 silly logfile done cleaning log files
12 silly packumentCache heap:2348810240 maxSize:587202560 maxEntrySize:293601280
13 silly idealTree buildDeps
14 silly fetch manifest @prisma/client@^6.14.0
15 silly packumentCache full:https://registry.npmjs.org/@prisma%2fclient cache-miss
16 http fetch GET 200 https://registry.npmjs.org/npm 452ms
17 http fetch GET 200 https://registry.npmjs.org/@prisma%2fclient 2085ms (cache miss)
18 silly packumentCache full:https://registry.npmjs.org/@prisma%2fclient set size:undefined disposed:false
19 silly fetch manifest prisma@^6.14.0
20 silly packumentCache full:https://registry.npmjs.org/prisma cache-miss
21 http fetch GET 200 https://registry.npmjs.org/prisma 1001ms (cache miss)
22 silly packumentCache full:https://registry.npmjs.org/prisma set size:undefined disposed:false
23 silly fetch manifest typescript@^5.8.3
24 silly packumentCache full:https://registry.npmjs.org/typescript cache-miss
25 http fetch GET 200 https://registry.npmjs.org/typescript 419ms (cache miss)
26 silly packumentCache full:https://registry.npmjs.org/typescript set size:undefined disposed:false
27 silly fetch manifest next@^15.5.2
28 silly packumentCache full:https://registry.npmjs.org/next cache-miss
29 http fetch GET 200 https://registry.npmjs.org/next 745ms (cache miss)
30 silly packumentCache full:https://registry.npmjs.org/next set size:undefined disposed:false
31 silly fetch manifest @opentelemetry/api@^1.1.0
32 silly packumentCache full:https://registry.npmjs.org/@opentelemetry%2fapi cache-miss
33 http fetch GET 200 https://registry.npmjs.org/@opentelemetry%2fapi 102ms (cache miss)
34 silly packumentCache full:https://registry.npmjs.org/@opentelemetry%2fapi set size:undefined disposed:false
35 silly fetch manifest @playwright/test@^1.51.1
36 silly packumentCache full:https://registry.npmjs.org/@playwright%2ftest cache-miss
37 http fetch GET 200 https://registry.npmjs.org/@playwright%2ftest 352ms (cache miss)
38 silly packumentCache full:https://registry.npmjs.org/@playwright%2ftest set size:undefined disposed:false
39 silly fetch manifest babel-plugin-react-compiler@*
40 silly packumentCache full:https://registry.npmjs.org/babel-plugin-react-compiler cache-miss
41 http fetch GET 200 https://registry.npmjs.org/babel-plugin-react-compiler 94ms (cache miss)
42 silly packumentCache full:https://registry.npmjs.org/babel-plugin-react-compiler set size:undefined disposed:false
43 silly fetch manifest react@^19.1.1
44 silly packumentCache full:https://registry.npmjs.org/react cache-miss
45 http fetch GET 200 https://registry.npmjs.org/react 254ms (cache miss)
46 silly packumentCache full:https://registry.npmjs.org/react set size:undefined disposed:false
47 silly fetch manifest react-dom@^19.1.1
48 silly packumentCache full:https://registry.npmjs.org/react-dom cache-miss
49 http fetch GET 200 https://registry.npmjs.org/react-dom 326ms (cache miss)
50 silly packumentCache full:https://registry.npmjs.org/react-dom set size:undefined disposed:false
51 silly fetch manifest sass@^1.3.0
52 silly packumentCache full:https://registry.npmjs.org/sass cache-miss
53 http fetch GET 200 https://registry.npmjs.org/sass 127ms (cache miss)
54 silly packumentCache full:https://registry.npmjs.org/sass set size:undefined disposed:false
55 silly fetch manifest @types/node@^22.15.3
56 silly packumentCache full:https://registry.npmjs.org/@types%2fnode cache-miss
57 http fetch GET 200 https://registry.npmjs.org/@types%2fnode 315ms (cache miss)
58 silly packumentCache full:https://registry.npmjs.org/@types%2fnode set size:undefined disposed:false
59 silly fetch manifest @types/react@^19.1.2
60 silly packumentCache full:https://registry.npmjs.org/@types%2freact cache-miss
61 http fetch GET 200 https://registry.npmjs.org/@types%2freact 175ms (cache miss)
62 silly packumentCache full:https://registry.npmjs.org/@types%2freact set size:undefined disposed:false
63 silly fetch manifest @types/react-dom@^19.1.2
64 silly packumentCache full:https://registry.npmjs.org/@types%2freact-dom cache-miss
65 http fetch GET 200 https://registry.npmjs.org/@types%2freact-dom 90ms (cache miss)
66 silly packumentCache full:https://registry.npmjs.org/@types%2freact-dom set size:undefined disposed:false
67 silly fetch manifest eslint@^9.25.0
68 silly packumentCache full:https://registry.npmjs.org/eslint cache-miss
69 http fetch GET 200 https://registry.npmjs.org/eslint 127ms (cache miss)
70 silly packumentCache full:https://registry.npmjs.org/eslint set size:undefined disposed:false
71 silly fetch manifest jiti@*
72 silly packumentCache full:https://registry.npmjs.org/jiti cache-miss
73 http fetch GET 200 https://registry.npmjs.org/jiti 77ms (cache miss)
74 silly packumentCache full:https://registry.npmjs.org/jiti set size:undefined disposed:false
75 silly fetch manifest eslint-config-next@^15.5.2
76 silly packumentCache full:https://registry.npmjs.org/eslint-config-next cache-miss
77 http fetch GET 200 https://registry.npmjs.org/eslint-config-next 277ms (cache miss)
78 silly packumentCache full:https://registry.npmjs.org/eslint-config-next set size:undefined disposed:false
79 silly fetch manifest tsx@^4.20.3
80 silly packumentCache full:https://registry.npmjs.org/tsx cache-miss
81 http fetch GET 200 https://registry.npmjs.org/tsx 87ms (cache miss)
82 silly packumentCache full:https://registry.npmjs.org/tsx set size:undefined disposed:false
83 silly placeDep ROOT @prisma/client@6.19.3 OK for: taskflow@1.0.0 want: ^6.14.0
84 silly placeDep ROOT @types/node@22.20.1 OK for: taskflow@1.0.0 want: ^22.15.3
85 silly placeDep ROOT @types/react@19.2.17 OK for: taskflow@1.0.0 want: ^19.1.2
86 silly placeDep ROOT @types/react-dom@19.2.3 OK for: taskflow@1.0.0 want: ^19.1.2
87 silly placeDep ROOT eslint@9.39.5 OK for: taskflow@1.0.0 want: ^9.25.0
88 silly placeDep ROOT eslint-config-next@15.5.22 OK for: taskflow@1.0.0 want: ^15.5.2
89 silly placeDep ROOT next@15.5.22 OK for: taskflow@1.0.0 want: ^15.5.2
90 silly placeDep ROOT react@19.2.8 OK for: next@15.5.22 want: ^18.2.0 || 19.0.0-rc-de68d2f4-20241204 || ^19.0.0
91 silly placeDep ROOT react-dom@19.2.8 OK for: next@15.5.22 want: ^18.2.0 || 19.0.0-rc-de68d2f4-20241204 || ^19.0.0
92 silly placeDep ROOT prisma@6.19.3 OK for: taskflow@1.0.0 want: ^6.14.0
93 silly placeDep ROOT tsx@4.23.1 OK for: taskflow@1.0.0 want: ^4.20.3
94 silly placeDep ROOT typescript@5.9.3 OK for: taskflow@1.0.0 want: ^5.8.3
95 silly fetch manifest undici-types@~6.21.0
96 silly packumentCache full:https://registry.npmjs.org/undici-types cache-miss
97 silly fetch manifest csstype@^3.2.2
98 silly packumentCache full:https://registry.npmjs.org/csstype cache-miss
99 silly fetch manifest ajv@^6.14.0
100 silly packumentCache full:https://registry.npmjs.org/ajv cache-miss
101 http fetch GET 200 https://registry.npmjs.org/undici-types 88ms (cache miss)
102 silly packumentCache full:https://registry.npmjs.org/undici-types set size:undefined disposed:false
103 silly fetch manifest chalk@^4.0.0
104 silly packumentCache full:https://registry.npmjs.org/chalk cache-miss
105 http fetch GET 200 https://registry.npmjs.org/csstype 103ms (cache miss)
106 silly packumentCache full:https://registry.npmjs.org/csstype set size:undefined disposed:false
107 silly fetch manifest debug@^4.3.2
108 silly packumentCache full:https://registry.npmjs.org/debug cache-miss
109 http fetch GET 200 https://registry.npmjs.org/chalk 85ms (cache miss)
110 silly packumentCache full:https://registry.npmjs.org/chalk set size:undefined disposed:false
111 silly fetch manifest espree@^10.4.0
112 silly packumentCache full:https://registry.npmjs.org/espree cache-miss
113 http fetch GET 200 https://registry.npmjs.org/debug 82ms (cache miss)
114 silly packumentCache full:https://registry.npmjs.org/debug set size:undefined disposed:false
115 silly fetch manifest ignore@^5.2.0
116 silly packumentCache full:https://registry.npmjs.org/ignore cache-miss
117 http fetch GET 200 https://registry.npmjs.org/ajv 264ms (cache miss)
118 silly packumentCache full:https://registry.npmjs.org/ajv set size:undefined disposed:false
119 silly fetch manifest esquery@^1.5.0
120 silly packumentCache full:https://registry.npmjs.org/esquery cache-miss
121 http fetch GET 200 https://registry.npmjs.org/ignore 149ms (cache miss)
122 silly packumentCache full:https://registry.npmjs.org/ignore set size:undefined disposed:false
123 silly fetch manifest esutils@^2.0.2
124 silly packumentCache full:https://registry.npmjs.org/esutils cache-miss
125 http fetch GET 200 https://registry.npmjs.org/esquery 130ms (cache miss)
126 silly packumentCache full:https://registry.npmjs.org/esquery set size:undefined disposed:false
127 silly fetch manifest find-up@^5.0.0
128 silly packumentCache full:https://registry.npmjs.org/find-up cache-miss
129 http fetch GET 200 https://registry.npmjs.org/esutils 102ms (cache miss)
130 silly packumentCache full:https://registry.npmjs.org/esutils set size:undefined disposed:false
131 silly fetch manifest is-glob@^4.0.0
132 silly packumentCache full:https://registry.npmjs.org/is-glob cache-miss
133 http fetch GET 200 https://registry.npmjs.org/find-up 99ms (cache miss)
134 silly packumentCache full:https://registry.npmjs.org/find-up set size:undefined disposed:false
135 silly fetch manifest minimatch@^3.1.5
136 silly packumentCache full:https://registry.npmjs.org/minimatch cache-miss
137 http fetch GET 200 https://registry.npmjs.org/espree 342ms (cache miss)
138 silly packumentCache full:https://registry.npmjs.org/espree set size:undefined disposed:false
139 silly fetch manifest @eslint/js@9.39.5
140 silly packumentCache full:https://registry.npmjs.org/@eslint%2fjs cache-miss
141 http fetch GET 200 https://registry.npmjs.org/is-glob 97ms (cache miss)
142 silly packumentCache full:https://registry.npmjs.org/is-glob set size:undefined disposed:false
143 silly fetch manifest optionator@^0.9.3
144 silly packumentCache full:https://registry.npmjs.org/optionator cache-miss
145 http fetch GET 200 https://registry.npmjs.org/minimatch 93ms (cache miss)
146 silly packumentCache full:https://registry.npmjs.org/minimatch set size:undefined disposed:false
147 silly fetch manifest cross-spawn@^7.0.6
148 silly packumentCache full:https://registry.npmjs.org/cross-spawn cache-miss
149 http fetch GET 200 https://registry.npmjs.org/cross-spawn 70ms (cache miss)
150 silly packumentCache full:https://registry.npmjs.org/cross-spawn set size:undefined disposed:false
151 silly fetch manifest glob-parent@^6.0.2
152 silly packumentCache full:https://registry.npmjs.org/glob-parent cache-miss
153 http fetch GET 200 https://registry.npmjs.org/glob-parent 75ms (cache miss)
154 silly packumentCache full:https://registry.npmjs.org/glob-parent set size:undefined disposed:false
155 silly fetch manifest imurmurhash@^0.1.4
156 silly packumentCache full:https://registry.npmjs.org/imurmurhash cache-miss
157 http fetch GET 200 https://registry.npmjs.org/imurmurhash 79ms (cache miss)
158 silly packumentCache full:https://registry.npmjs.org/imurmurhash set size:undefined disposed:false
159 silly fetch manifest @eslint/core@^0.17.0
160 silly packumentCache full:https://registry.npmjs.org/@eslint%2fcore cache-miss
161 http fetch GET 200 https://registry.npmjs.org/@eslint%2fjs 334ms (cache miss)
162 silly packumentCache full:https://registry.npmjs.org/@eslint%2fjs set size:undefined disposed:false
163 silly fetch manifest eslint-scope@^8.4.0
164 silly packumentCache full:https://registry.npmjs.org/eslint-scope cache-miss
165 http fetch GET 200 https://registry.npmjs.org/optionator 333ms (cache miss)
166 silly packumentCache full:https://registry.npmjs.org/optionator set size:undefined disposed:false
167 silly fetch manifest lodash.merge@^4.6.2
168 silly packumentCache full:https://registry.npmjs.org/lodash.merge cache-miss
169 http fetch GET 200 https://registry.npmjs.org/eslint-scope 92ms (cache miss)
170 silly packumentCache full:https://registry.npmjs.org/eslint-scope set size:undefined disposed:false
171 silly fetch manifest @humanfs/node@^0.16.6
172 silly packumentCache full:https://registry.npmjs.org/@humanfs%2fnode cache-miss
173 http fetch GET 200 https://registry.npmjs.org/@humanfs%2fnode 319ms (cache miss)
174 silly packumentCache full:https://registry.npmjs.org/@humanfs%2fnode set size:undefined disposed:false
175 silly fetch manifest @types/estree@^1.0.6
176 silly packumentCache full:https://registry.npmjs.org/@types%2festree cache-miss
177 http fetch GET 200 https://registry.npmjs.org/lodash.merge 394ms (cache miss)
178 silly packumentCache full:https://registry.npmjs.org/lodash.merge set size:undefined disposed:false
179 silly fetch manifest fast-deep-equal@^3.1.3
180 silly packumentCache full:https://registry.npmjs.org/fast-deep-equal cache-miss
181 http fetch GET 200 https://registry.npmjs.org/@eslint%2fcore 469ms (cache miss)
182 silly packumentCache full:https://registry.npmjs.org/@eslint%2fcore set size:undefined disposed:false
183 silly fetch manifest natural-compare@^1.4.0
184 silly packumentCache full:https://registry.npmjs.org/natural-compare cache-miss
185 http fetch GET 200 https://registry.npmjs.org/fast-deep-equal 62ms (cache miss)
186 silly packumentCache full:https://registry.npmjs.org/fast-deep-equal set size:undefined disposed:false
187 silly fetch manifest @eslint/eslintrc@^3.3.6
188 silly packumentCache full:https://registry.npmjs.org/@eslint%2feslintrc cache-miss
189 http fetch GET 200 https://registry.npmjs.org/@types%2festree 109ms (cache miss)
190 silly packumentCache full:https://registry.npmjs.org/@types%2festree set size:undefined disposed:false
191 silly fetch manifest file-entry-cache@^8.0.0
192 silly packumentCache full:https://registry.npmjs.org/file-entry-cache cache-miss
193 http fetch GET 200 https://registry.npmjs.org/natural-compare 81ms (cache miss)
194 silly packumentCache full:https://registry.npmjs.org/natural-compare set size:undefined disposed:false
195 silly fetch manifest @eslint/plugin-kit@^0.4.1
196 silly packumentCache full:https://registry.npmjs.org/@eslint%2fplugin-kit cache-miss
197 http fetch GET 200 https://registry.npmjs.org/file-entry-cache 89ms (cache miss)
198 silly packumentCache full:https://registry.npmjs.org/file-entry-cache set size:undefined disposed:false
199 silly fetch manifest eslint-visitor-keys@^4.2.1
200 silly packumentCache full:https://registry.npmjs.org/eslint-visitor-keys cache-miss
201 http fetch GET 200 https://registry.npmjs.org/eslint-visitor-keys 96ms (cache miss)
202 silly packumentCache full:https://registry.npmjs.org/eslint-visitor-keys set size:undefined disposed:false
203 silly fetch manifest @eslint/config-array@^0.21.2
204 silly packumentCache full:https://registry.npmjs.org/@eslint%2fconfig-array cache-miss
205 http fetch GET 200 https://registry.npmjs.org/@eslint%2feslintrc 353ms (cache miss)
206 silly packumentCache full:https://registry.npmjs.org/@eslint%2feslintrc set size:undefined disposed:false
207 silly fetch manifest @humanwhocodes/retry@^0.4.2
208 silly packumentCache full:https://registry.npmjs.org/@humanwhocodes%2fretry cache-miss
209 http fetch GET 200 https://registry.npmjs.org/@eslint%2fplugin-kit 736ms (cache miss)
210 silly packumentCache full:https://registry.npmjs.org/@eslint%2fplugin-kit set size:undefined disposed:false
211 silly fetch manifest escape-string-regexp@^4.0.0
212 silly packumentCache full:https://registry.npmjs.org/escape-string-regexp cache-miss
213 http fetch GET 200 https://registry.npmjs.org/escape-string-regexp 80ms (cache miss)
214 silly packumentCache full:https://registry.npmjs.org/escape-string-regexp set size:undefined disposed:false
215 silly fetch manifest @eslint/config-helpers@^0.4.2
216 silly packumentCache full:https://registry.npmjs.org/@eslint%2fconfig-helpers cache-miss
217 http fetch GET 200 https://registry.npmjs.org/@eslint%2fconfig-array 711ms (cache miss)
218 silly packumentCache full:https://registry.npmjs.org/@eslint%2fconfig-array set size:undefined disposed:false
219 silly fetch manifest @eslint-community/regexpp@^4.12.1
220 silly packumentCache full:https://registry.npmjs.org/@eslint-community%2fregexpp cache-miss
221 http fetch GET 200 https://registry.npmjs.org/@humanwhocodes%2fretry 733ms (cache miss)
222 silly packumentCache full:https://registry.npmjs.org/@humanwhocodes%2fretry set size:undefined disposed:false
223 silly fetch manifest @eslint-community/eslint-utils@^4.8.0
224 silly packumentCache full:https://registry.npmjs.org/@eslint-community%2feslint-utils cache-miss
225 http fetch GET 200 https://registry.npmjs.org/@eslint-community%2feslint-utils 138ms (cache miss)
226 silly packumentCache full:https://registry.npmjs.org/@eslint-community%2feslint-utils set size:undefined disposed:false
227 silly fetch manifest @humanwhocodes/module-importer@^1.0.1
228 silly packumentCache full:https://registry.npmjs.org/@humanwhocodes%2fmodule-importer cache-miss
229 http fetch GET 200 https://registry.npmjs.org/@eslint%2fconfig-helpers 575ms (cache miss)
230 silly packumentCache full:https://registry.npmjs.org/@eslint%2fconfig-helpers set size:undefined disposed:false
231 silly fetch manifest json-stable-stringify-without-jsonify@^1.0.1
232 silly packumentCache full:https://registry.npmjs.org/json-stable-stringify-without-jsonify cache-miss
233 http fetch GET 200 https://registry.npmjs.org/@eslint-community%2fregexpp 817ms (cache miss)
234 silly packumentCache full:https://registry.npmjs.org/@eslint-community%2fregexpp set size:undefined disposed:false
235 silly fetch manifest eslint-plugin-react@^7.37.0
236 silly packumentCache full:https://registry.npmjs.org/eslint-plugin-react cache-miss
237 http fetch GET 200 https://registry.npmjs.org/json-stable-stringify-without-jsonify 327ms (cache miss)
238 silly packumentCache full:https://registry.npmjs.org/json-stable-stringify-without-jsonify set size:undefined disposed:false
239 silly fetch manifest eslint-plugin-import@^2.31.0
240 silly packumentCache full:https://registry.npmjs.org/eslint-plugin-import cache-miss
241 http fetch GET 200 https://registry.npmjs.org/eslint-plugin-import 87ms (cache miss)
242 silly packumentCache full:https://registry.npmjs.org/eslint-plugin-import set size:undefined disposed:false
243 silly fetch manifest eslint-plugin-jsx-a11y@^6.10.0
244 silly packumentCache full:https://registry.npmjs.org/eslint-plugin-jsx-a11y cache-miss
245 http fetch GET 200 https://registry.npmjs.org/eslint-plugin-jsx-a11y 75ms (cache miss)
246 silly packumentCache full:https://registry.npmjs.org/eslint-plugin-jsx-a11y set size:undefined disposed:false
247 silly fetch manifest @rushstack/eslint-patch@^1.10.3
248 silly packumentCache full:https://registry.npmjs.org/@rushstack%2feslint-patch cache-miss
249 http fetch GET 200 https://registry.npmjs.org/@humanwhocodes%2fmodule-importer 804ms (cache miss)
250 silly packumentCache full:https://registry.npmjs.org/@humanwhocodes%2fmodule-importer set size:undefined disposed:false
251 silly fetch manifest @next/eslint-plugin-next@15.5.22
252 silly packumentCache full:https://registry.npmjs.org/@next%2feslint-plugin-next cache-miss
253 http fetch GET 200 https://registry.npmjs.org/eslint-plugin-react 332ms (cache miss)
254 silly packumentCache full:https://registry.npmjs.org/eslint-plugin-react set size:undefined disposed:false
255 silly fetch manifest @typescript-eslint/parser@^5.4.2 || ^6.0.0 || ^7.0.0 || ^8.0.0
256 silly packumentCache full:https://registry.npmjs.org/@typescript-eslint%2fparser cache-miss
257 http fetch GET 200 https://registry.npmjs.org/@rushstack%2feslint-patch 820ms (cache miss)
258 silly packumentCache full:https://registry.npmjs.org/@rushstack%2feslint-patch set size:undefined disposed:false
259 silly fetch manifest eslint-plugin-react-hooks@^5.0.0
260 silly packumentCache full:https://registry.npmjs.org/eslint-plugin-react-hooks cache-miss
261 http fetch GET 200 https://registry.npmjs.org/@next%2feslint-plugin-next 787ms (cache miss)
262 silly packumentCache full:https://registry.npmjs.org/@next%2feslint-plugin-next set size:undefined disposed:false
263 silly fetch manifest eslint-import-resolver-node@^0.3.6
264 silly packumentCache full:https://registry.npmjs.org/eslint-import-resolver-node cache-miss
265 http fetch GET 200 https://registry.npmjs.org/eslint-import-resolver-node 179ms (cache miss)
266 silly packumentCache full:https://registry.npmjs.org/eslint-import-resolver-node set size:undefined disposed:false
267 silly fetch manifest @typescript-eslint/eslint-plugin@^5.4.2 || ^6.0.0 || ^7.0.0 || ^8.0.0
268 silly packumentCache full:https://registry.npmjs.org/@typescript-eslint%2feslint-plugin cache-miss
269 http fetch GET 200 https://registry.npmjs.org/eslint-plugin-react-hooks 865ms (cache miss)
270 silly packumentCache full:https://registry.npmjs.org/eslint-plugin-react-hooks set size:undefined disposed:false
271 silly fetch manifest eslint-import-resolver-typescript@^3.5.2
272 silly packumentCache full:https://registry.npmjs.org/eslint-import-resolver-typescript cache-miss
273 http fetch GET 200 https://registry.npmjs.org/@typescript-eslint%2fparser 1745ms (cache miss)
274 silly packumentCache full:https://registry.npmjs.org/@typescript-eslint%2fparser set size:undefined disposed:false
275 silly fetch manifest postcss@8.4.31
276 silly packumentCache full:https://registry.npmjs.org/postcss cache-miss
277 http fetch GET 200 https://registry.npmjs.org/eslint-import-resolver-typescript 411ms (cache miss)
278 silly packumentCache full:https://registry.npmjs.org/eslint-import-resolver-typescript set size:undefined disposed:false
279 silly fetch manifest @next/env@15.5.22
280 silly packumentCache full:https://registry.npmjs.org/@next%2fenv cache-miss
281 http fetch GET 200 https://registry.npmjs.org/postcss 280ms (cache miss)
282 silly packumentCache full:https://registry.npmjs.org/postcss set size:undefined disposed:false
283 silly fetch manifest styled-jsx@5.1.6
284 silly packumentCache full:https://registry.npmjs.org/styled-jsx cache-miss
285 http fetch GET 200 https://registry.npmjs.org/styled-jsx 117ms (cache miss)
286 silly packumentCache full:https://registry.npmjs.org/styled-jsx set size:undefined disposed:false
287 silly fetch manifest @swc/helpers@0.5.15
288 silly packumentCache full:https://registry.npmjs.org/@swc%2fhelpers cache-miss
289 http fetch GET 200 https://registry.npmjs.org/@next%2fenv 630ms (cache miss)
290 silly packumentCache full:https://registry.npmjs.org/@next%2fenv set size:undefined disposed:false
291 silly fetch manifest caniuse-lite@^1.0.30001579
292 silly packumentCache full:https://registry.npmjs.org/caniuse-lite cache-miss
293 http fetch GET 200 https://registry.npmjs.org/@typescript-eslint%2feslint-plugin 1819ms (cache miss)
294 silly packumentCache full:https://registry.npmjs.org/@typescript-eslint%2feslint-plugin set size:undefined disposed:false
295 silly fetch manifest sharp@^0.34.3
296 silly packumentCache full:https://registry.npmjs.org/sharp cache-miss
297 http fetch GET 200 https://registry.npmjs.org/@swc%2fhelpers 753ms (cache miss)
298 silly packumentCache full:https://registry.npmjs.org/@swc%2fhelpers set size:undefined disposed:false
299 silly fetch manifest @next/swc-darwin-x64@15.5.22
300 silly packumentCache full:https://registry.npmjs.org/@next%2fswc-darwin-x64 cache-miss
301 http fetch GET 200 https://registry.npmjs.org/caniuse-lite 349ms (cache miss)
302 silly packumentCache full:https://registry.npmjs.org/caniuse-lite set size:undefined disposed:false
303 silly fetch manifest @next/swc-darwin-arm64@15.5.22
304 silly packumentCache full:https://registry.npmjs.org/@next%2fswc-darwin-arm64 cache-miss
305 http fetch GET 200 https://registry.npmjs.org/sharp 391ms (cache miss)
306 silly packumentCache full:https://registry.npmjs.org/sharp set size:undefined disposed:false
307 silly fetch manifest @next/swc-linux-x64-gnu@15.5.22
308 silly packumentCache full:https://registry.npmjs.org/@next%2fswc-linux-x64-gnu cache-miss
309 http fetch GET 200 https://registry.npmjs.org/@next%2fswc-darwin-x64 469ms (cache miss)
310 silly packumentCache full:https://registry.npmjs.org/@next%2fswc-darwin-x64 set size:undefined disposed:false
311 silly fetch manifest @next/swc-linux-x64-musl@15.5.22
312 silly packumentCache full:https://registry.npmjs.org/@next%2fswc-linux-x64-musl cache-miss
313 http fetch GET 200 https://registry.npmjs.org/@next%2fswc-darwin-arm64 674ms (cache miss)
314 silly packumentCache full:https://registry.npmjs.org/@next%2fswc-darwin-arm64 set size:undefined disposed:false
315 silly fetch manifest @next/swc-win32-x64-msvc@15.5.22
316 silly packumentCache full:https://registry.npmjs.org/@next%2fswc-win32-x64-msvc cache-miss
317 http fetch GET 200 https://registry.npmjs.org/@next%2fswc-win32-x64-msvc 251ms (cache miss)
318 silly packumentCache full:https://registry.npmjs.org/@next%2fswc-win32-x64-msvc set size:undefined disposed:false
319 silly fetch manifest @next/swc-linux-arm64-gnu@15.5.22
320 silly packumentCache full:https://registry.npmjs.org/@next%2fswc-linux-arm64-gnu cache-miss
321 http fetch GET 200 https://registry.npmjs.org/@next%2fswc-linux-x64-musl 787ms (cache miss)
322 silly packumentCache full:https://registry.npmjs.org/@next%2fswc-linux-x64-musl set size:undefined disposed:false
323 silly fetch manifest @next/swc-linux-arm64-musl@15.5.22
324 silly packumentCache full:https://registry.npmjs.org/@next%2fswc-linux-arm64-musl cache-miss
325 http fetch GET 200 https://registry.npmjs.org/@next%2fswc-linux-x64-gnu 1054ms (cache miss)
326 silly packumentCache full:https://registry.npmjs.org/@next%2fswc-linux-x64-gnu set size:undefined disposed:false
327 silly fetch manifest @next/swc-win32-arm64-msvc@15.5.22
328 silly packumentCache full:https://registry.npmjs.org/@next%2fswc-win32-arm64-msvc cache-miss
329 http fetch GET 200 https://registry.npmjs.org/@next%2fswc-linux-arm64-gnu 771ms (cache miss)
330 silly packumentCache full:https://registry.npmjs.org/@next%2fswc-linux-arm64-gnu set size:undefined disposed:false
331 silly fetch manifest scheduler@^0.27.0
332 silly packumentCache full:https://registry.npmjs.org/scheduler cache-miss
333 http fetch GET 200 https://registry.npmjs.org/@next%2fswc-win32-arm64-msvc 584ms (cache miss)
334 silly packumentCache full:https://registry.npmjs.org/@next%2fswc-win32-arm64-msvc set size:undefined disposed:false
335 silly fetch manifest @prisma/config@6.19.3
336 silly packumentCache full:https://registry.npmjs.org/@prisma%2fconfig cache-miss
337 http fetch GET 200 https://registry.npmjs.org/scheduler 327ms (cache miss)
338 silly packumentCache full:https://registry.npmjs.org/scheduler set size:undefined disposed:false
339 silly fetch manifest @prisma/engines@6.19.3
340 silly packumentCache full:https://registry.npmjs.org/@prisma%2fengines cache-miss
341 http fetch GET 200 https://registry.npmjs.org/@next%2fswc-linux-arm64-musl 1152ms (cache miss)
342 silly packumentCache full:https://registry.npmjs.org/@next%2fswc-linux-arm64-musl set size:undefined disposed:false
343 silly fetch manifest esbuild@~0.28.0
344 silly packumentCache full:https://registry.npmjs.org/esbuild cache-miss
345 http fetch GET 200 https://registry.npmjs.org/esbuild 211ms (cache miss)
346 silly packumentCache full:https://registry.npmjs.org/esbuild set size:undefined disposed:false
347 silly fetch manifest fsevents@~2.3.3
348 silly packumentCache full:https://registry.npmjs.org/fsevents cache-miss
349 http fetch GET 200 https://registry.npmjs.org/fsevents 117ms (cache miss)
350 silly packumentCache full:https://registry.npmjs.org/fsevents set size:undefined disposed:false
351 http fetch GET 200 https://registry.npmjs.org/@prisma%2fconfig 956ms (cache miss)
352 silly packumentCache full:https://registry.npmjs.org/@prisma%2fconfig set size:undefined disposed:false
353 http fetch GET 200 https://registry.npmjs.org/@prisma%2fengines 1157ms (cache miss)
354 silly packumentCache full:https://registry.npmjs.org/@prisma%2fengines set size:undefined disposed:false
355 silly placeDep ROOT undici-types@6.21.0 OK for: @types/node@22.20.1 want: ~6.21.0
356 silly placeDep ROOT csstype@3.2.3 OK for: @types/react@19.2.17 want: ^3.2.2
357 silly fetch manifest eslint@^6.0.0 || ^7.0.0 || >=8.0.0
358 silly packumentCache full:https://registry.npmjs.org/eslint cache-miss
359 http cache https://registry.npmjs.org/eslint 47ms (cache hit)
360 silly packumentCache full:https://registry.npmjs.org/eslint set size:2040662 disposed:false
361 silly placeDep ROOT @eslint-community/eslint-utils@4.10.1 OK for: eslint@9.39.5 want: ^4.8.0
362 silly placeDep ROOT @eslint-community/regexpp@4.12.2 OK for: eslint@9.39.5 want: ^4.12.1
363 silly placeDep ROOT @eslint/config-array@0.21.2 OK for: eslint@9.39.5 want: ^0.21.2
364 silly placeDep ROOT @eslint/config-helpers@0.4.2 OK for: eslint@9.39.5 want: ^0.4.2
365 silly placeDep ROOT @eslint/core@0.17.0 OK for: eslint@9.39.5 want: ^0.17.0
366 silly placeDep ROOT @eslint/eslintrc@3.3.6 OK for: eslint@9.39.5 want: ^3.3.6
367 silly placeDep ROOT @eslint/js@9.39.5 OK for: eslint@9.39.5 want: 9.39.5
368 silly placeDep ROOT @eslint/plugin-kit@0.4.1 OK for: eslint@9.39.5 want: ^0.4.1
369 silly placeDep ROOT @humanfs/node@0.16.8 OK for: eslint@9.39.5 want: ^0.16.6
370 silly placeDep ROOT @humanwhocodes/module-importer@1.0.1 OK for: eslint@9.39.5 want: ^1.0.1
371 silly placeDep ROOT @humanwhocodes/retry@0.4.3 OK for: eslint@9.39.5 want: ^0.4.2
372 silly placeDep ROOT @types/estree@1.0.9 OK for: eslint@9.39.5 want: ^1.0.6
373 silly placeDep ROOT ajv@6.15.0 OK for: eslint@9.39.5 want: ^6.14.0
374 silly placeDep ROOT chalk@4.1.2 OK for: eslint@9.39.5 want: ^4.0.0
375 silly placeDep ROOT cross-spawn@7.0.6 OK for: eslint@9.39.5 want: ^7.0.6
376 silly placeDep ROOT debug@4.4.3 OK for: eslint@9.39.5 want: ^4.3.2
377 silly placeDep ROOT escape-string-regexp@4.0.0 OK for: eslint@9.39.5 want: ^4.0.0
378 silly placeDep ROOT eslint-scope@8.4.0 OK for: eslint@9.39.5 want: ^8.4.0
379 silly placeDep ROOT eslint-visitor-keys@4.2.1 OK for: eslint@9.39.5 want: ^4.2.1
380 silly placeDep ROOT espree@10.4.0 OK for: eslint@9.39.5 want: ^10.4.0
381 silly placeDep ROOT esquery@1.7.0 OK for: eslint@9.39.5 want: ^1.5.0
382 silly placeDep ROOT esutils@2.0.3 OK for: eslint@9.39.5 want: ^2.0.2
383 silly placeDep ROOT fast-deep-equal@3.1.3 OK for: eslint@9.39.5 want: ^3.1.3
384 silly placeDep ROOT file-entry-cache@8.0.0 OK for: eslint@9.39.5 want: ^8.0.0
385 silly placeDep ROOT find-up@5.0.0 OK for: eslint@9.39.5 want: ^5.0.0
386 silly placeDep ROOT glob-parent@6.0.2 OK for: eslint@9.39.5 want: ^6.0.2
387 silly placeDep ROOT ignore@5.3.2 OK for: eslint@9.39.5 want: ^5.2.0
388 silly placeDep ROOT imurmurhash@0.1.4 OK for: eslint@9.39.5 want: ^0.1.4
389 silly placeDep ROOT is-glob@4.0.3 OK for: eslint@9.39.5 want: ^4.0.0
390 silly placeDep ROOT json-stable-stringify-without-jsonify@1.0.1 OK for: eslint@9.39.5 want: ^1.0.1
391 silly placeDep ROOT lodash.merge@4.6.2 OK for: eslint@9.39.5 want: ^4.6.2
392 silly placeDep ROOT minimatch@3.1.5 OK for: eslint@9.39.5 want: ^3.1.5
393 silly placeDep ROOT natural-compare@1.4.0 OK for: eslint@9.39.5 want: ^1.4.0
394 silly placeDep ROOT optionator@0.9.4 OK for: eslint@9.39.5 want: ^0.9.3
395 silly fetch manifest eslint-visitor-keys@^3.4.3
396 silly packumentCache full:https://registry.npmjs.org/eslint-visitor-keys cache-miss
397 silly fetch manifest debug@^4.3.1
398 silly packumentCache full:https://registry.npmjs.org/debug cache-miss
399 silly fetch manifest @eslint/object-schema@^2.1.7
400 silly packumentCache full:https://registry.npmjs.org/@eslint%2fobject-schema cache-miss
401 http cache https://registry.npmjs.org/eslint-visitor-keys 40ms (cache hit)
402 silly packumentCache full:https://registry.npmjs.org/eslint-visitor-keys set size:69949 disposed:false
403 silly fetch manifest @types/json-schema@^7.0.15
404 silly packumentCache full:https://registry.npmjs.org/@types%2fjson-schema cache-miss
405 http cache https://registry.npmjs.org/debug 44ms (cache hit)
406 silly packumentCache full:https://registry.npmjs.org/debug set size:195840 disposed:false
407 silly fetch manifest espree@^10.0.1
408 silly packumentCache full:https://registry.npmjs.org/espree cache-miss
409 http cache https://registry.npmjs.org/espree 14ms (cache hit)
410 silly packumentCache full:https://registry.npmjs.org/espree set size:326080 disposed:false
411 silly fetch manifest globals@^14.0.0
412 silly packumentCache full:https://registry.npmjs.org/globals cache-miss
413 http fetch GET 200 https://registry.npmjs.org/@types%2fjson-schema 116ms (cache miss)
414 silly packumentCache full:https://registry.npmjs.org/@types%2fjson-schema set size:undefined disposed:false
415 silly fetch manifest import-fresh@^3.2.1
416 silly packumentCache full:https://registry.npmjs.org/import-fresh cache-miss
417 http fetch GET 200 https://registry.npmjs.org/globals 98ms (cache miss)
418 silly packumentCache full:https://registry.npmjs.org/globals set size:undefined disposed:false
419 silly fetch manifest js-yaml@^4.3.0
420 silly packumentCache full:https://registry.npmjs.org/js-yaml cache-miss
421 http fetch GET 200 https://registry.npmjs.org/import-fresh 51ms (cache miss)
422 silly packumentCache full:https://registry.npmjs.org/import-fresh set size:undefined disposed:false
423 silly fetch manifest strip-json-comments@^3.1.1
424 silly packumentCache full:https://registry.npmjs.org/strip-json-comments cache-miss
425 http fetch GET 200 https://registry.npmjs.org/@eslint%2fobject-schema 270ms (cache miss)
426 silly packumentCache full:https://registry.npmjs.org/@eslint%2fobject-schema set size:undefined disposed:false
427 silly fetch manifest levn@^0.4.1
428 silly packumentCache full:https://registry.npmjs.org/levn cache-miss
429 http fetch GET 200 https://registry.npmjs.org/js-yaml 103ms (cache miss)
430 silly packumentCache full:https://registry.npmjs.org/js-yaml set size:undefined disposed:false
431 silly fetch manifest @humanwhocodes/retry@^0.4.0
432 silly packumentCache full:https://registry.npmjs.org/@humanwhocodes%2fretry cache-miss
433 http fetch GET 200 https://registry.npmjs.org/strip-json-comments 76ms (cache miss)
434 silly packumentCache full:https://registry.npmjs.org/strip-json-comments set size:undefined disposed:false
435 silly fetch manifest @humanfs/core@^0.19.2
436 silly packumentCache full:https://registry.npmjs.org/@humanfs%2fcore cache-miss
437 http cache https://registry.npmjs.org/@humanwhocodes%2fretry 20ms (cache hit)
438 silly packumentCache full:https://registry.npmjs.org/@humanwhocodes%2fretry set size:42348 disposed:false
439 silly fetch manifest @humanfs/types@^0.15.0
440 silly packumentCache full:https://registry.npmjs.org/@humanfs%2ftypes cache-miss
441 http fetch GET 200 https://registry.npmjs.org/levn 73ms (cache miss)
442 silly packumentCache full:https://registry.npmjs.org/levn set size:undefined disposed:false
443 silly fetch manifest uri-js@^4.2.2
444 silly packumentCache full:https://registry.npmjs.org/uri-js cache-miss
445 http fetch GET 200 https://registry.npmjs.org/uri-js 69ms (cache miss)
446 silly packumentCache full:https://registry.npmjs.org/uri-js set size:undefined disposed:false
447 silly fetch manifest fast-deep-equal@^3.1.1
448 silly packumentCache full:https://registry.npmjs.org/fast-deep-equal cache-miss
449 http cache https://registry.npmjs.org/fast-deep-equal 17ms (cache hit)
450 silly packumentCache full:https://registry.npmjs.org/fast-deep-equal set size:48634 disposed:false
451 silly fetch manifest json-schema-traverse@^0.4.1
452 silly packumentCache full:https://registry.npmjs.org/json-schema-traverse cache-miss
453 http fetch GET 200 https://registry.npmjs.org/json-schema-traverse 65ms (cache miss)
454 silly packumentCache full:https://registry.npmjs.org/json-schema-traverse set size:undefined disposed:false
455 silly fetch manifest fast-json-stable-stringify@^2.0.0
456 silly packumentCache full:https://registry.npmjs.org/fast-json-stable-stringify cache-miss
457 http fetch GET 200 https://registry.npmjs.org/@humanfs%2fcore 225ms (cache miss)
458 silly packumentCache full:https://registry.npmjs.org/@humanfs%2fcore set size:undefined disposed:false
459 silly fetch manifest ansi-styles@^4.1.0
460 silly packumentCache full:https://registry.npmjs.org/ansi-styles cache-miss
461 http fetch GET 200 https://registry.npmjs.org/fast-json-stable-stringify 62ms (cache miss)
462 silly packumentCache full:https://registry.npmjs.org/fast-json-stable-stringify set size:undefined disposed:false
463 silly fetch manifest supports-color@^7.1.0
464 silly packumentCache full:https://registry.npmjs.org/supports-color cache-miss
465 http fetch GET 200 https://registry.npmjs.org/ansi-styles 72ms (cache miss)
466 silly packumentCache full:https://registry.npmjs.org/ansi-styles set size:undefined disposed:false
467 silly fetch manifest which@^2.0.1
468 silly packumentCache full:https://registry.npmjs.org/which cache-miss
469 http fetch GET 200 https://registry.npmjs.org/supports-color 71ms (cache miss)
470 silly packumentCache full:https://registry.npmjs.org/supports-color set size:undefined disposed:false
471 silly fetch manifest path-key@^3.1.0
472 silly packumentCache full:https://registry.npmjs.org/path-key cache-miss
473 http fetch GET 200 https://registry.npmjs.org/which 81ms (cache miss)
474 silly packumentCache full:https://registry.npmjs.org/which set size:undefined disposed:false
475 silly fetch manifest shebang-command@^2.0.0
476 silly packumentCache full:https://registry.npmjs.org/shebang-command cache-miss
477 http fetch GET 200 https://registry.npmjs.org/path-key 54ms (cache miss)
478 silly packumentCache full:https://registry.npmjs.org/path-key set size:undefined disposed:false
479 silly fetch manifest ms@^2.1.3
480 silly packumentCache full:https://registry.npmjs.org/ms cache-miss
481 http fetch GET 200 https://registry.npmjs.org/shebang-command 65ms (cache miss)
482 silly packumentCache full:https://registry.npmjs.org/shebang-command set size:undefined disposed:false
483 silly fetch manifest esrecurse@^4.3.0
484 silly packumentCache full:https://registry.npmjs.org/esrecurse cache-miss
485 http fetch GET 200 https://registry.npmjs.org/ms 59ms (cache miss)
486 silly packumentCache full:https://registry.npmjs.org/ms set size:undefined disposed:false
487 silly fetch manifest estraverse@^5.2.0
488 silly packumentCache full:https://registry.npmjs.org/estraverse cache-miss
489 http fetch GET 200 https://registry.npmjs.org/@humanfs%2ftypes 476ms (cache miss)
490 silly packumentCache full:https://registry.npmjs.org/@humanfs%2ftypes set size:undefined disposed:false
491 silly fetch manifest acorn@^8.15.0
492 silly packumentCache full:https://registry.npmjs.org/acorn cache-miss
493 http fetch GET 200 https://registry.npmjs.org/estraverse 64ms (cache miss)
494 silly packumentCache full:https://registry.npmjs.org/estraverse set size:undefined disposed:false
495 silly fetch manifest acorn-jsx@^5.3.2
496 silly packumentCache full:https://registry.npmjs.org/acorn-jsx cache-miss
497 http fetch GET 200 https://registry.npmjs.org/acorn-jsx 83ms (cache miss)
498 silly packumentCache full:https://registry.npmjs.org/acorn-jsx set size:undefined disposed:false
499 silly fetch manifest estraverse@^5.1.0
500 silly packumentCache full:https://registry.npmjs.org/estraverse cache-miss
501 http cache https://registry.npmjs.org/estraverse 8ms (cache hit)
502 silly packumentCache full:https://registry.npmjs.org/estraverse set size:62412 disposed:false
503 silly fetch manifest flat-cache@^4.0.0
504 silly packumentCache full:https://registry.npmjs.org/flat-cache cache-miss
505 http fetch GET 200 https://registry.npmjs.org/esrecurse 311ms (cache miss)
506 silly packumentCache full:https://registry.npmjs.org/esrecurse set size:undefined disposed:false
507 silly fetch manifest locate-path@^6.0.0
508 silly packumentCache full:https://registry.npmjs.org/locate-path cache-miss
509 http fetch GET 200 https://registry.npmjs.org/acorn 315ms (cache miss)
510 silly packumentCache full:https://registry.npmjs.org/acorn set size:undefined disposed:false
511 silly fetch manifest path-exists@^4.0.0
512 silly packumentCache full:https://registry.npmjs.org/path-exists cache-miss
513 http fetch GET 200 https://registry.npmjs.org/locate-path 70ms (cache miss)
514 silly packumentCache full:https://registry.npmjs.org/locate-path set size:undefined disposed:false
515 silly fetch manifest is-glob@^4.0.3
516 silly packumentCache full:https://registry.npmjs.org/is-glob cache-miss
517 http cache https://registry.npmjs.org/is-glob 18ms (cache hit)
518 silly packumentCache full:https://registry.npmjs.org/is-glob set size:40530 disposed:false
519 silly fetch manifest is-extglob@^2.1.1
520 silly packumentCache full:https://registry.npmjs.org/is-extglob cache-miss
521 http fetch GET 200 https://registry.npmjs.org/path-exists 52ms (cache miss)
522 silly packumentCache full:https://registry.npmjs.org/path-exists set size:undefined disposed:false
523 silly fetch manifest brace-expansion@^1.1.7
524 silly packumentCache full:https://registry.npmjs.org/brace-expansion cache-miss
525 http fetch GET 200 https://registry.npmjs.org/is-extglob 57ms (cache miss)
526 silly packumentCache full:https://registry.npmjs.org/is-extglob set size:undefined disposed:false
527 silly fetch manifest prelude-ls@^1.2.1
528 silly packumentCache full:https://registry.npmjs.org/prelude-ls cache-miss
529 http fetch GET 200 https://registry.npmjs.org/brace-expansion 64ms (cache miss)
530 silly packumentCache full:https://registry.npmjs.org/brace-expansion set size:undefined disposed:false
531 silly fetch manifest deep-is@^0.1.3
532 silly packumentCache full:https://registry.npmjs.org/deep-is cache-miss
533 http fetch GET 200 https://registry.npmjs.org/flat-cache 308ms (cache miss)
534 silly packumentCache full:https://registry.npmjs.org/flat-cache set size:undefined disposed:false
535 silly fetch manifest word-wrap@^1.2.5
536 silly packumentCache full:https://registry.npmjs.org/word-wrap cache-miss
537 http fetch GET 200 https://registry.npmjs.org/prelude-ls 65ms (cache miss)
538 silly packumentCache full:https://registry.npmjs.org/prelude-ls set size:undefined disposed:false
539 silly fetch manifest type-check@^0.4.0
540 silly packumentCache full:https://registry.npmjs.org/type-check cache-miss
541 http fetch GET 200 https://registry.npmjs.org/word-wrap 54ms (cache miss)
542 silly packumentCache full:https://registry.npmjs.org/word-wrap set size:undefined disposed:false
543 silly fetch manifest fast-levenshtein@^2.0.6
544 silly packumentCache full:https://registry.npmjs.org/fast-levenshtein cache-miss
545 http fetch GET 200 https://registry.npmjs.org/deep-is 305ms (cache miss)
546 silly packumentCache full:https://registry.npmjs.org/deep-is set size:undefined disposed:false
547 http fetch GET 200 https://registry.npmjs.org/type-check 312ms (cache miss)
548 silly packumentCache full:https://registry.npmjs.org/type-check set size:undefined disposed:false
549 http fetch GET 200 https://registry.npmjs.org/fast-levenshtein 302ms (cache miss)
550 silly packumentCache full:https://registry.npmjs.org/fast-levenshtein set size:undefined disposed:false
551 silly placeDep node_modules/@eslint-community/eslint-utils eslint-visitor-keys@3.4.3 OK for: @eslint-community/eslint-utils@4.10.1 want: ^3.4.3
552 silly placeDep ROOT @eslint/object-schema@2.1.7 OK for: @eslint/config-array@0.21.2 want: ^2.1.7
553 silly placeDep ROOT @types/json-schema@7.0.15 OK for: @eslint/core@0.17.0 want: ^7.0.15
554 silly placeDep ROOT globals@14.0.0 OK for: @eslint/eslintrc@3.3.6 want: ^14.0.0
555 silly placeDep ROOT import-fresh@3.3.1 OK for: @eslint/eslintrc@3.3.6 want: ^3.2.1
556 silly placeDep ROOT js-yaml@4.3.0 OK for: @eslint/eslintrc@3.3.6 want: ^4.3.0
557 silly placeDep ROOT strip-json-comments@3.1.1 OK for: @eslint/eslintrc@3.3.6 want: ^3.1.1
558 silly fetch manifest resolve-from@^4.0.0
559 silly packumentCache full:https://registry.npmjs.org/resolve-from cache-miss
560 silly fetch manifest parent-module@^1.0.0
561 silly packumentCache full:https://registry.npmjs.org/parent-module cache-miss
562 silly fetch manifest argparse@^2.0.1
563 silly packumentCache full:https://registry.npmjs.org/argparse cache-miss
564 http fetch GET 200 https://registry.npmjs.org/parent-module 63ms (cache miss)
565 silly packumentCache full:https://registry.npmjs.org/parent-module set size:undefined disposed:false
566 http fetch GET 200 https://registry.npmjs.org/argparse 79ms (cache miss)
567 silly packumentCache full:https://registry.npmjs.org/argparse set size:undefined disposed:false
568 http fetch GET 200 https://registry.npmjs.org/resolve-from 83ms (cache miss)
569 silly packumentCache full:https://registry.npmjs.org/resolve-from set size:undefined disposed:false
570 silly placeDep ROOT levn@0.4.1 OK for: @eslint/plugin-kit@0.4.1 want: ^0.4.1
571 silly fetch manifest type-check@~0.4.0
572 silly packumentCache full:https://registry.npmjs.org/type-check cache-miss
573 http cache https://registry.npmjs.org/type-check 8ms (cache hit)
574 silly packumentCache full:https://registry.npmjs.org/type-check set size:21221 disposed:false
575 silly placeDep ROOT @humanfs/core@0.19.2 OK for: @humanfs/node@0.16.8 want: ^0.19.2
576 silly placeDep ROOT @humanfs/types@0.15.0 OK for: @humanfs/node@0.16.8 want: ^0.15.0
577 silly placeDep ROOT fast-json-stable-stringify@2.1.0 OK for: ajv@6.15.0 want: ^2.0.0
578 silly placeDep ROOT json-schema-traverse@0.4.1 OK for: ajv@6.15.0 want: ^0.4.1
579 silly placeDep ROOT uri-js@4.4.1 OK for: ajv@6.15.0 want: ^4.2.2
580 silly fetch manifest punycode@^2.1.0
581 silly packumentCache full:https://registry.npmjs.org/punycode cache-miss
582 http fetch GET 200 https://registry.npmjs.org/punycode 328ms (cache miss)
583 silly packumentCache full:https://registry.npmjs.org/punycode set size:undefined disposed:false
584 silly placeDep ROOT ansi-styles@4.3.0 OK for: chalk@4.1.2 want: ^4.1.0
585 silly placeDep ROOT supports-color@7.2.0 OK for: chalk@4.1.2 want: ^7.1.0
586 silly fetch manifest color-convert@^2.0.1
587 silly packumentCache full:https://registry.npmjs.org/color-convert cache-miss
588 silly fetch manifest has-flag@^4.0.0
589 silly packumentCache full:https://registry.npmjs.org/has-flag cache-miss
590 http fetch GET 200 https://registry.npmjs.org/has-flag 66ms (cache miss)
591 silly packumentCache full:https://registry.npmjs.org/has-flag set size:undefined disposed:false
592 http fetch GET 200 https://registry.npmjs.org/color-convert 70ms (cache miss)
593 silly packumentCache full:https://registry.npmjs.org/color-convert set size:undefined disposed:false
594 silly placeDep ROOT color-convert@2.0.1 OK for: ansi-styles@4.3.0 want: ^2.0.1
595 silly fetch manifest color-name@~1.1.4
596 silly packumentCache full:https://registry.npmjs.org/color-name cache-miss
597 http fetch GET 200 https://registry.npmjs.org/color-name 50ms (cache miss)
598 silly packumentCache full:https://registry.npmjs.org/color-name set size:undefined disposed:false
599 silly placeDep ROOT color-name@1.1.4 OK for: color-convert@2.0.1 want: ~1.1.4
600 silly placeDep ROOT path-key@3.1.1 OK for: cross-spawn@7.0.6 want: ^3.1.0
601 silly placeDep ROOT shebang-command@2.0.0 OK for: cross-spawn@7.0.6 want: ^2.0.0
602 silly placeDep ROOT which@2.0.2 OK for: cross-spawn@7.0.6 want: ^2.0.1
603 silly fetch manifest shebang-regex@^3.0.0
604 silly packumentCache full:https://registry.npmjs.org/shebang-regex cache-miss
605 silly fetch manifest isexe@^2.0.0
606 silly packumentCache full:https://registry.npmjs.org/isexe cache-miss
607 http fetch GET 200 https://registry.npmjs.org/shebang-regex 81ms (cache miss)
608 silly packumentCache full:https://registry.npmjs.org/shebang-regex set size:undefined disposed:false
609 http fetch GET 200 https://registry.npmjs.org/isexe 94ms (cache miss)
610 silly packumentCache full:https://registry.npmjs.org/isexe set size:undefined disposed:false
611 silly placeDep ROOT ms@2.1.3 OK for: debug@4.4.3 want: ^2.1.3
612 silly fetch manifest eslint@^7.23.0 || ^8.0.0 || ^9.0.0
613 silly packumentCache full:https://registry.npmjs.org/eslint cache-miss
614 http cache https://registry.npmjs.org/eslint 16ms (cache hit)
615 silly packumentCache full:https://registry.npmjs.org/eslint set size:2040662 disposed:false
616 silly fetch manifest typescript@>=3.3.1
617 silly packumentCache full:https://registry.npmjs.org/typescript cache-miss
618 http cache https://registry.npmjs.org/typescript 83ms (cache hit)
619 silly packumentCache full:https://registry.npmjs.org/typescript set size:15493019 disposed:false
620 silly fetch manifest typescript@>=4.8.4 <6.1.0
621 silly packumentCache full:https://registry.npmjs.org/typescript cache-miss
622 http cache https://registry.npmjs.org/typescript 83ms (cache hit)
623 silly packumentCache full:https://registry.npmjs.org/typescript set size:15493019 disposed:false
624 silly fetch manifest eslint-plugin-import-x@*
625 silly packumentCache full:https://registry.npmjs.org/eslint-plugin-import-x cache-miss
626 http fetch GET 200 https://registry.npmjs.org/eslint-plugin-import-x 347ms (cache miss)
627 silly packumentCache full:https://registry.npmjs.org/eslint-plugin-import-x set size:undefined disposed:false
628 silly fetch manifest @typescript-eslint/utils@^8.56.0
629 silly packumentCache full:https://registry.npmjs.org/@typescript-eslint%2futils cache-miss
630 http fetch GET 200 https://registry.npmjs.org/@typescript-eslint%2futils 317ms (cache miss)
631 silly packumentCache full:https://registry.npmjs.org/@typescript-eslint%2futils set size:undefined disposed:false
632 silly placeDep ROOT @next/eslint-plugin-next@15.5.22 OK for: eslint-config-next@15.5.22 want: 15.5.22
633 silly placeDep ROOT @rushstack/eslint-patch@1.16.1 OK for: eslint-config-next@15.5.22 want: ^1.10.3
634 silly placeDep ROOT @typescript-eslint/eslint-plugin@8.65.0 OK for: eslint-config-next@15.5.22 want: ^5.4.2 || ^6.0.0 || ^7.0.0 || ^8.0.0
635 silly placeDep ROOT @typescript-eslint/parser@8.65.0 OK for: @typescript-eslint/eslint-plugin@8.65.0 want: ^8.65.0
636 silly placeDep ROOT eslint-import-resolver-node@0.3.10 OK for: eslint-config-next@15.5.22 want: ^0.3.6
637 silly placeDep ROOT eslint-import-resolver-typescript@3.10.1 OK for: eslint-config-next@15.5.22 want: ^3.5.2
638 silly placeDep ROOT eslint-plugin-import@2.32.0 OK for: eslint-config-next@15.5.22 want: ^2.31.0
639 silly placeDep ROOT eslint-plugin-jsx-a11y@6.10.2 OK for: eslint-config-next@15.5.22 want: ^6.10.0
640 silly placeDep ROOT eslint-plugin-react@7.37.5 OK for: eslint-config-next@15.5.22 want: ^7.37.0
641 silly placeDep ROOT eslint-plugin-react-hooks@5.2.0 OK for: eslint-config-next@15.5.22 want: ^5.0.0
642 silly fetch manifest fast-glob@3.3.1
643 silly packumentCache full:https://registry.npmjs.org/fast-glob cache-miss
644 silly fetch manifest ignore@^7.0.5
645 silly packumentCache full:https://registry.npmjs.org/ignore cache-miss
646 silly fetch manifest ts-api-utils@^2.5.0
647 silly packumentCache full:https://registry.npmjs.org/ts-api-utils cache-miss
648 http cache https://registry.npmjs.org/ignore 17ms (cache hit)
649 silly packumentCache full:https://registry.npmjs.org/ignore set size:240910 disposed:false
650 silly fetch manifest @typescript-eslint/utils@8.65.0
651 silly packumentCache full:https://registry.npmjs.org/@typescript-eslint%2futils cache-miss
652 http cache https://registry.npmjs.org/@typescript-eslint%2futils 38ms (cache hit)
653 silly packumentCache full:https://registry.npmjs.org/@typescript-eslint%2futils set size:10602878 disposed:false
654 silly fetch manifest @typescript-eslint/type-utils@8.65.0
655 silly packumentCache full:https://registry.npmjs.org/@typescript-eslint%2ftype-utils cache-miss
656 http fetch GET 200 https://registry.npmjs.org/fast-glob 208ms (cache miss)
657 silly packumentCache full:https://registry.npmjs.org/fast-glob set size:undefined disposed:false
658 silly fetch manifest @typescript-eslint/visitor-keys@8.65.0
659 silly packumentCache full:https://registry.npmjs.org/@typescript-eslint%2fvisitor-keys cache-miss
660 http fetch GET 200 https://registry.npmjs.org/ts-api-utils 327ms (cache miss)
661 silly packumentCache full:https://registry.npmjs.org/ts-api-utils set size:undefined disposed:false
662 silly fetch manifest @typescript-eslint/scope-manager@8.65.0
663 silly packumentCache full:https://registry.npmjs.org/@typescript-eslint%2fscope-manager cache-miss
664 http fetch GET 200 https://registry.npmjs.org/@typescript-eslint%2ftype-utils 820ms (cache miss)
665 silly packumentCache full:https://registry.npmjs.org/@typescript-eslint%2ftype-utils set size:undefined disposed:false
666 silly fetch manifest @typescript-eslint/types@8.65.0
667 silly packumentCache full:https://registry.npmjs.org/@typescript-eslint%2ftypes cache-miss
668 http fetch GET 200 https://registry.npmjs.org/@typescript-eslint%2fscope-manager 868ms (cache miss)
669 silly packumentCache full:https://registry.npmjs.org/@typescript-eslint%2fscope-manager set size:undefined disposed:false
670 silly fetch manifest @typescript-eslint/visitor-keys@8.65.0
671 silly packumentCache full:https://registry.npmjs.org/@typescript-eslint%2fvisitor-keys cache-miss
672 http fetch GET 200 https://registry.npmjs.org/@typescript-eslint%2fvisitor-keys 1180ms (cache miss)
673 silly packumentCache full:https://registry.npmjs.org/@typescript-eslint%2fvisitor-keys set size:undefined disposed:false
674 silly fetch manifest @typescript-eslint/typescript-estree@8.65.0
675 silly packumentCache full:https://registry.npmjs.org/@typescript-eslint%2ftypescript-estree cache-miss
676 http fetch GET 200 https://registry.npmjs.org/@typescript-eslint%2ftypes 865ms (cache miss)
677 silly packumentCache full:https://registry.npmjs.org/@typescript-eslint%2ftypes set size:undefined disposed:false
678 silly fetch manifest debug@^3.2.7
679 silly packumentCache full:https://registry.npmjs.org/debug cache-hit
680 silly fetch manifest resolve@^2.0.0-next.6
681 silly packumentCache full:https://registry.npmjs.org/resolve cache-miss
682 http fetch GET 200 https://registry.npmjs.org/@typescript-eslint%2fvisitor-keys 813ms (cache miss)
683 silly packumentCache full:https://registry.npmjs.org/@typescript-eslint%2fvisitor-keys set size:undefined disposed:false
684 silly fetch manifest is-core-module@^2.16.1
685 silly packumentCache full:https://registry.npmjs.org/is-core-module cache-miss
686 http fetch GET 200 https://registry.npmjs.org/resolve 238ms (cache miss)
687 silly packumentCache full:https://registry.npmjs.org/resolve set size:undefined disposed:false
688 silly fetch manifest tinyglobby@^0.2.13
689 silly packumentCache full:https://registry.npmjs.org/tinyglobby cache-miss
690 http fetch GET 200 https://registry.npmjs.org/is-core-module 163ms (cache miss)
691 silly packumentCache full:https://registry.npmjs.org/is-core-module set size:undefined disposed:false
692 silly fetch manifest stable-hash@^0.0.5
693 silly packumentCache full:https://registry.npmjs.org/stable-hash cache-miss
694 http fetch GET 200 https://registry.npmjs.org/tinyglobby 152ms (cache miss)
695 silly packumentCache full:https://registry.npmjs.org/tinyglobby set size:undefined disposed:false
696 silly fetch manifest get-tsconfig@^4.10.0
697 silly packumentCache full:https://registry.npmjs.org/get-tsconfig cache-miss
698 http fetch GET 200 https://registry.npmjs.org/stable-hash 117ms (cache miss)
699 silly packumentCache full:https://registry.npmjs.org/stable-hash set size:undefined disposed:false
700 silly fetch manifest is-bun-module@^2.0.0
701 silly packumentCache full:https://registry.npmjs.org/is-bun-module cache-miss
702 http fetch GET 200 https://registry.npmjs.org/get-tsconfig 105ms (cache miss)
703 silly packumentCache full:https://registry.npmjs.org/get-tsconfig set size:undefined disposed:false
704 silly fetch manifest unrs-resolver@^1.6.2
705 silly packumentCache full:https://registry.npmjs.org/unrs-resolver cache-miss
706 http fetch GET 200 https://registry.npmjs.org/is-bun-module 120ms (cache miss)
707 silly packumentCache full:https://registry.npmjs.org/is-bun-module set size:undefined disposed:false
708 silly fetch manifest @nolyfill/is-core-module@1.0.39
709 silly packumentCache full:https://registry.npmjs.org/@nolyfill%2fis-core-module cache-miss
710 http fetch GET 200 https://registry.npmjs.org/unrs-resolver 94ms (cache miss)
711 silly packumentCache full:https://registry.npmjs.org/unrs-resolver set size:undefined disposed:false
712 silly fetch manifest @rtsao/scc@^1.1.0
713 silly packumentCache full:https://registry.npmjs.org/@rtsao%2fscc cache-miss
714 http fetch GET 200 https://registry.npmjs.org/@typescript-eslint%2ftypescript-estree 1342ms (cache miss)
715 silly packumentCache full:https://registry.npmjs.org/@typescript-eslint%2ftypescript-estree set size:undefined disposed:false
716 silly fetch manifest array-includes@^3.1.9
717 silly packumentCache full:https://registry.npmjs.org/array-includes cache-miss
718 http fetch GET 200 https://registry.npmjs.org/@nolyfill%2fis-core-module 394ms (cache miss)
719 silly packumentCache full:https://registry.npmjs.org/@nolyfill%2fis-core-module set size:undefined disposed:false
720 silly fetch manifest array.prototype.findlastindex@^1.2.6
721 silly packumentCache full:https://registry.npmjs.org/array.prototype.findlastindex cache-miss
722 http fetch GET 200 https://registry.npmjs.org/array-includes 106ms (cache miss)
723 silly packumentCache full:https://registry.npmjs.org/array-includes set size:undefined disposed:false
724 silly fetch manifest array.prototype.flat@^1.3.3
725 silly packumentCache full:https://registry.npmjs.org/array.prototype.flat cache-miss
726 http fetch GET 200 https://registry.npmjs.org/@rtsao%2fscc 474ms (cache miss)
727 silly packumentCache full:https://registry.npmjs.org/@rtsao%2fscc set size:undefined disposed:false
728 silly fetch manifest array.prototype.flatmap@^1.3.3
729 silly packumentCache full:https://registry.npmjs.org/array.prototype.flatmap cache-miss
730 http fetch GET 200 https://registry.npmjs.org/array.prototype.findlastindex 357ms (cache miss)
731 silly packumentCache full:https://registry.npmjs.org/array.prototype.findlastindex set size:undefined disposed:false
732 silly fetch manifest doctrine@^2.1.0
733 silly packumentCache full:https://registry.npmjs.org/doctrine cache-miss
734 http fetch GET 200 https://registry.npmjs.org/array.prototype.flat 301ms (cache miss)
735 silly packumentCache full:https://registry.npmjs.org/array.prototype.flat set size:undefined disposed:false
736 silly fetch manifest eslint-module-utils@^2.12.1
737 silly packumentCache full:https://registry.npmjs.org/eslint-module-utils cache-miss
738 http fetch GET 200 https://registry.npmjs.org/array.prototype.flatmap 304ms (cache miss)
739 silly packumentCache full:https://registry.npmjs.org/array.prototype.flatmap set size:undefined disposed:false
740 silly fetch manifest hasown@^2.0.2
741 silly packumentCache full:https://registry.npmjs.org/hasown cache-miss
742 http fetch GET 200 https://registry.npmjs.org/doctrine 67ms (cache miss)
743 silly packumentCache full:https://registry.npmjs.org/doctrine set size:undefined disposed:false
744 silly fetch manifest object.fromentries@^2.0.8
745 silly packumentCache full:https://registry.npmjs.org/object.fromentries cache-miss
746 http fetch GET 200 https://registry.npmjs.org/eslint-module-utils 83ms (cache miss)
747 silly packumentCache full:https://registry.npmjs.org/eslint-module-utils set size:undefined disposed:false
748 silly fetch manifest object.groupby@^1.0.3
749 silly packumentCache full:https://registry.npmjs.org/object.groupby cache-miss
750 http fetch GET 200 https://registry.npmjs.org/hasown 76ms (cache miss)
751 silly packumentCache full:https://registry.npmjs.org/hasown set size:undefined disposed:false
752 silly fetch manifest object.values@^1.2.1
753 silly packumentCache full:https://registry.npmjs.org/object.values cache-miss
754 http fetch GET 200 https://registry.npmjs.org/object.values 91ms (cache miss)
755 silly packumentCache full:https://registry.npmjs.org/object.values set size:undefined disposed:false
756 silly fetch manifest semver@^6.3.1
757 silly packumentCache full:https://registry.npmjs.org/semver cache-miss
758 http fetch GET 200 https://registry.npmjs.org/semver 83ms (cache miss)
759 silly packumentCache full:https://registry.npmjs.org/semver set size:undefined disposed:false
760 silly fetch manifest string.prototype.trimend@^1.0.9
761 silly packumentCache full:https://registry.npmjs.org/string.prototype.trimend cache-miss
762 http fetch GET 200 https://registry.npmjs.org/string.prototype.trimend 52ms (cache miss)
763 silly packumentCache full:https://registry.npmjs.org/string.prototype.trimend set size:undefined disposed:false
764 silly fetch manifest tsconfig-paths@^3.15.0
765 silly packumentCache full:https://registry.npmjs.org/tsconfig-paths cache-miss
766 http fetch GET 200 https://registry.npmjs.org/object.fromentries 318ms (cache miss)
767 silly packumentCache full:https://registry.npmjs.org/object.fromentries set size:undefined disposed:false
768 silly fetch manifest aria-query@^5.3.2
769 silly packumentCache full:https://registry.npmjs.org/aria-query cache-miss
770 http fetch GET 200 https://registry.npmjs.org/object.groupby 300ms (cache miss)
771 silly packumentCache full:https://registry.npmjs.org/object.groupby set size:undefined disposed:false
772 silly fetch manifest array-includes@^3.1.8
773 silly packumentCache full:https://registry.npmjs.org/array-includes cache-miss
774 http cache https://registry.npmjs.org/array-includes 23ms (cache hit)
775 silly packumentCache full:https://registry.npmjs.org/array-includes set size:77143 disposed:false
776 silly fetch manifest array.prototype.flatmap@^1.3.2
777 silly packumentCache full:https://registry.npmjs.org/array.prototype.flatmap cache-miss
778 http cache https://registry.npmjs.org/array.prototype.flatmap 16ms (cache hit)
779 silly packumentCache full:https://registry.npmjs.org/array.prototype.flatmap set size:51458 disposed:false
780 silly fetch manifest ast-types-flow@^0.0.8
781 silly packumentCache full:https://registry.npmjs.org/ast-types-flow cache-miss
782 http fetch GET 200 https://registry.npmjs.org/tsconfig-paths 93ms (cache miss)
783 silly packumentCache full:https://registry.npmjs.org/tsconfig-paths set size:undefined disposed:false
784 silly fetch manifest axe-core@^4.10.0
785 silly packumentCache full:https://registry.npmjs.org/axe-core cache-miss
786 http fetch GET 200 https://registry.npmjs.org/aria-query 80ms (cache miss)
787 silly packumentCache full:https://registry.npmjs.org/aria-query set size:undefined disposed:false
788 silly fetch manifest axobject-query@^4.1.0
789 silly packumentCache full:https://registry.npmjs.org/axobject-query cache-miss
790 http fetch GET 200 https://registry.npmjs.org/ast-types-flow 300ms (cache miss)
791 silly packumentCache full:https://registry.npmjs.org/ast-types-flow set size:undefined disposed:false
792 silly fetch manifest damerau-levenshtein@^1.0.8
793 silly packumentCache full:https://registry.npmjs.org/damerau-levenshtein cache-miss
794 http fetch GET 200 https://registry.npmjs.org/axe-core 295ms (cache miss)
795 silly packumentCache full:https://registry.npmjs.org/axe-core set size:undefined disposed:false
796 silly fetch manifest emoji-regex@^9.2.2
797 silly packumentCache full:https://registry.npmjs.org/emoji-regex cache-miss
798 http fetch GET 200 https://registry.npmjs.org/axobject-query 431ms (cache miss)
799 silly packumentCache full:https://registry.npmjs.org/axobject-query set size:undefined disposed:false
800 silly fetch manifest jsx-ast-utils@^3.3.5
801 silly packumentCache full:https://registry.npmjs.org/jsx-ast-utils cache-miss
802 http fetch GET 200 https://registry.npmjs.org/emoji-regex 107ms (cache miss)
803 silly packumentCache full:https://registry.npmjs.org/emoji-regex set size:undefined disposed:false
804 silly fetch manifest language-tags@^1.0.9
805 silly packumentCache full:https://registry.npmjs.org/language-tags cache-miss
806 http fetch GET 200 https://registry.npmjs.org/jsx-ast-utils 81ms (cache miss)
807 silly packumentCache full:https://registry.npmjs.org/jsx-ast-utils set size:undefined disposed:false
808 silly fetch manifest safe-regex-test@^1.0.3
809 silly packumentCache full:https://registry.npmjs.org/safe-regex-test cache-miss
810 http fetch GET 200 https://registry.npmjs.org/damerau-levenshtein 311ms (cache miss)
811 silly packumentCache full:https://registry.npmjs.org/damerau-levenshtein set size:undefined disposed:false
812 silly fetch manifest string.prototype.includes@^2.0.1
813 silly packumentCache full:https://registry.npmjs.org/string.prototype.includes cache-miss
814 http fetch GET 200 https://registry.npmjs.org/language-tags 310ms (cache miss)
815 silly packumentCache full:https://registry.npmjs.org/language-tags set size:undefined disposed:false
816 silly fetch manifest array.prototype.findlast@^1.2.5
817 silly packumentCache full:https://registry.npmjs.org/array.prototype.findlast cache-miss
818 http fetch GET 200 https://registry.npmjs.org/safe-regex-test 313ms (cache miss)
819 silly packumentCache full:https://registry.npmjs.org/safe-regex-test set size:undefined disposed:false
820 silly fetch manifest array.prototype.tosorted@^1.1.4
821 silly packumentCache full:https://registry.npmjs.org/array.prototype.tosorted cache-miss
822 http fetch GET 200 https://registry.npmjs.org/string.prototype.includes 317ms (cache miss)
823 silly packumentCache full:https://registry.npmjs.org/string.prototype.includes set size:undefined disposed:false
824 silly fetch manifest es-iterator-helpers@^1.2.1
825 silly packumentCache full:https://registry.npmjs.org/es-iterator-helpers cache-miss
826 http fetch GET 200 https://registry.npmjs.org/array.prototype.findlast 302ms (cache miss)
827 silly packumentCache full:https://registry.npmjs.org/array.prototype.findlast set size:undefined disposed:false
828 silly fetch manifest estraverse@^5.3.0
829 silly packumentCache full:https://registry.npmjs.org/estraverse cache-hit
830 silly fetch manifest jsx-ast-utils@^2.4.1 || ^3.0.0
831 silly packumentCache full:https://registry.npmjs.org/jsx-ast-utils cache-miss
832 http cache https://registry.npmjs.org/jsx-ast-utils 22ms (cache hit)
833 silly packumentCache full:https://registry.npmjs.org/jsx-ast-utils set size:115998 disposed:false
834 silly fetch manifest object.entries@^1.1.9
835 silly packumentCache full:https://registry.npmjs.org/object.entries cache-miss
836 http fetch GET 200 https://registry.npmjs.org/array.prototype.tosorted 307ms (cache miss)
837 silly packumentCache full:https://registry.npmjs.org/array.prototype.tosorted set size:undefined disposed:false
838 silly fetch manifest prop-types@^15.8.1
839 silly packumentCache full:https://registry.npmjs.org/prop-types cache-miss
840 http fetch GET 200 https://registry.npmjs.org/object.entries 77ms (cache miss)
841 silly packumentCache full:https://registry.npmjs.org/object.entries set size:undefined disposed:false
842 silly fetch manifest resolve@^2.0.0-next.5
843 silly packumentCache full:https://registry.npmjs.org/resolve cache-miss
844 http fetch GET 200 https://registry.npmjs.org/prop-types 70ms (cache miss)
845 silly packumentCache full:https://registry.npmjs.org/prop-types set size:undefined disposed:false
846 silly fetch manifest string.prototype.matchall@^4.0.12
847 silly packumentCache full:https://registry.npmjs.org/string.prototype.matchall cache-miss
848 http fetch GET 200 https://registry.npmjs.org/es-iterator-helpers 319ms (cache miss)
849 silly packumentCache full:https://registry.npmjs.org/es-iterator-helpers set size:undefined disposed:false
850 silly fetch manifest string.prototype.repeat@^1.0.0
851 silly packumentCache full:https://registry.npmjs.org/string.prototype.repeat cache-miss
852 http cache https://registry.npmjs.org/resolve 24ms (cache hit)
853 silly packumentCache full:https://registry.npmjs.org/resolve set size:244568 disposed:false
854 http fetch GET 200 https://registry.npmjs.org/string.prototype.repeat 295ms (cache miss)
855 silly packumentCache full:https://registry.npmjs.org/string.prototype.repeat set size:undefined disposed:false
856 http fetch GET 200 https://registry.npmjs.org/string.prototype.matchall 326ms (cache miss)
857 silly packumentCache full:https://registry.npmjs.org/string.prototype.matchall set size:undefined disposed:false
858 silly placeDep ROOT fast-glob@3.3.1 OK for: @next/eslint-plugin-next@15.5.22 want: 3.3.1
859 silly fetch manifest merge2@^1.3.0
860 silly packumentCache full:https://registry.npmjs.org/merge2 cache-miss
861 silly fetch manifest micromatch@^4.0.4
862 silly packumentCache full:https://registry.npmjs.org/micromatch cache-miss
863 silly fetch manifest glob-parent@^5.1.2
864 silly packumentCache full:https://registry.npmjs.org/glob-parent cache-miss
865 http cache https://registry.npmjs.org/glob-parent 14ms (cache hit)
866 silly packumentCache full:https://registry.npmjs.org/glob-parent set size:42445 disposed:false
867 silly fetch manifest @nodelib/fs.stat@^2.0.2
868 silly packumentCache full:https://registry.npmjs.org/@nodelib%2ffs.stat cache-miss
869 http fetch GET 200 https://registry.npmjs.org/merge2 89ms (cache miss)
870 silly packumentCache full:https://registry.npmjs.org/merge2 set size:undefined disposed:false
871 silly fetch manifest @nodelib/fs.walk@^1.2.3
872 silly packumentCache full:https://registry.npmjs.org/@nodelib%2ffs.walk cache-miss
873 http fetch GET 200 https://registry.npmjs.org/micromatch 96ms (cache miss)
874 silly packumentCache full:https://registry.npmjs.org/micromatch set size:undefined disposed:false
875 http fetch GET 200 https://registry.npmjs.org/@nodelib%2ffs.walk 79ms (cache miss)
876 silly packumentCache full:https://registry.npmjs.org/@nodelib%2ffs.walk set size:undefined disposed:false
877 http fetch GET 200 https://registry.npmjs.org/@nodelib%2ffs.stat 235ms (cache miss)
878 silly packumentCache full:https://registry.npmjs.org/@nodelib%2ffs.stat set size:undefined disposed:false
879 silly fetch manifest eslint@^8.57.0 || ^9.0.0 || ^10.0.0
880 silly packumentCache full:https://registry.npmjs.org/eslint cache-miss
881 http cache https://registry.npmjs.org/eslint 23ms (cache hit)
882 silly packumentCache full:https://registry.npmjs.org/eslint set size:2040662 disposed:false
883 silly placeDep ROOT @typescript-eslint/scope-manager@8.65.0 OK for: @typescript-eslint/eslint-plugin@8.65.0 want: 8.65.0
884 silly placeDep ROOT @typescript-eslint/type-utils@8.65.0 OK for: @typescript-eslint/eslint-plugin@8.65.0 want: 8.65.0
885 silly placeDep ROOT @typescript-eslint/utils@8.65.0 OK for: @typescript-eslint/eslint-plugin@8.65.0 want: 8.65.0
886 silly placeDep ROOT @typescript-eslint/visitor-keys@8.65.0 OK for: @typescript-eslint/eslint-plugin@8.65.0 want: 8.65.0
887 silly placeDep node_modules/@typescript-eslint/eslint-plugin ignore@7.0.6 OK for: @typescript-eslint/eslint-plugin@8.65.0 want: ^7.0.5
888 silly placeDep ROOT ts-api-utils@2.5.0 OK for: @typescript-eslint/eslint-plugin@8.65.0 want: ^2.5.0
889 silly fetch manifest eslint-visitor-keys@^5.0.0
890 silly packumentCache full:https://registry.npmjs.org/eslint-visitor-keys cache-hit
891 silly placeDep ROOT @typescript-eslint/types@8.65.0 OK for: @typescript-eslint/parser@8.65.0 want: 8.65.0
892 silly placeDep ROOT @typescript-eslint/typescript-estree@8.65.0 OK for: @typescript-eslint/parser@8.65.0 want: 8.65.0
893 silly fetch manifest semver@^7.7.3
894 silly packumentCache full:https://registry.npmjs.org/semver cache-miss
895 silly fetch manifest minimatch@^10.2.2
896 silly packumentCache full:https://registry.npmjs.org/minimatch cache-miss
897 silly fetch manifest tinyglobby@^0.2.15
898 silly packumentCache full:https://registry.npmjs.org/tinyglobby cache-miss
899 http cache https://registry.npmjs.org/semver 39ms (cache hit)
900 silly packumentCache full:https://registry.npmjs.org/semver set size:246069 disposed:false
901 silly fetch manifest @typescript-eslint/tsconfig-utils@8.65.0
902 silly packumentCache full:https://registry.npmjs.org/@typescript-eslint%2ftsconfig-utils cache-miss
903 http cache https://registry.npmjs.org/minimatch 47ms (cache hit)
904 silly packumentCache full:https://registry.npmjs.org/minimatch set size:377924 disposed:false
905 silly fetch manifest @typescript-eslint/project-service@8.65.0
906 silly packumentCache full:https://registry.npmjs.org/@typescript-eslint%2fproject-service cache-miss
907 http cache https://registry.npmjs.org/tinyglobby 58ms (cache hit)
908 silly packumentCache full:https://registry.npmjs.org/tinyglobby set size:54291 disposed:false
909 http fetch GET 200 https://registry.npmjs.org/@typescript-eslint%2ftsconfig-utils 417ms (cache miss)
910 silly packumentCache full:https://registry.npmjs.org/@typescript-eslint%2ftsconfig-utils set size:undefined disposed:false
911 http fetch GET 200 https://registry.npmjs.org/@typescript-eslint%2fproject-service 429ms (cache miss)
912 silly packumentCache full:https://registry.npmjs.org/@typescript-eslint%2fproject-service set size:undefined disposed:false
913 silly placeDep ROOT @typescript-eslint/project-service@8.65.0 OK for: @typescript-eslint/typescript-estree@8.65.0 want: 8.65.0
914 silly placeDep ROOT @typescript-eslint/tsconfig-utils@8.65.0 OK for: @typescript-eslint/typescript-estree@8.65.0 want: 8.65.0
915 silly placeDep node_modules/@typescript-eslint/typescript-estree minimatch@10.2.6 OK for: @typescript-eslint/typescript-estree@8.65.0 want: ^10.2.2
916 silly placeDep ROOT semver@7.8.5 OK for: @typescript-eslint/typescript-estree@8.65.0 want: ^7.7.3
917 silly placeDep ROOT tinyglobby@0.2.17 OK for: @typescript-eslint/typescript-estree@8.65.0 want: ^0.2.15
918 silly fetch manifest @typescript-eslint/tsconfig-utils@^8.65.0
919 silly packumentCache full:https://registry.npmjs.org/@typescript-eslint%2ftsconfig-utils cache-miss
920 silly fetch manifest brace-expansion@^5.0.8
921 silly packumentCache full:https://registry.npmjs.org/brace-expansion cache-miss
922 silly fetch manifest fdir@^6.5.0
923 silly packumentCache full:https://registry.npmjs.org/fdir cache-miss
924 http cache https://registry.npmjs.org/brace-expansion 47ms (cache hit)
925 silly packumentCache full:https://registry.npmjs.org/brace-expansion set size:101024 disposed:false
926 silly fetch manifest picomatch@^4.0.4
927 silly packumentCache full:https://registry.npmjs.org/picomatch cache-miss
928 http cache https://registry.npmjs.org/@typescript-eslint%2ftsconfig-utils 60ms (cache hit)
929 silly packumentCache full:https://registry.npmjs.org/@typescript-eslint%2ftsconfig-utils set size:1627246 disposed:false
930 http fetch GET 200 https://registry.npmjs.org/fdir 111ms (cache miss)
931 silly packumentCache full:https://registry.npmjs.org/fdir set size:undefined disposed:false
932 http fetch GET 200 https://registry.npmjs.org/picomatch 80ms (cache miss)
933 silly packumentCache full:https://registry.npmjs.org/picomatch set size:undefined disposed:false
934 silly placeDep node_modules/@typescript-eslint/visitor-keys eslint-visitor-keys@5.0.1 OK for: @typescript-eslint/visitor-keys@8.65.0 want: ^5.0.0
935 silly placeDep node_modules/eslint-import-resolver-node debug@3.2.7 OK for: eslint-import-resolver-node@0.3.10 want: ^3.2.7
936 silly placeDep ROOT is-core-module@2.16.2 OK for: eslint-import-resolver-node@0.3.10 want: ^2.16.1
937 silly placeDep ROOT resolve@2.0.0-next.7 OK for: eslint-import-resolver-node@0.3.10 want: ^2.0.0-next.6
938 silly fetch manifest hasown@^2.0.3
939 silly packumentCache full:https://registry.npmjs.org/hasown cache-miss
940 silly fetch manifest es-errors@^1.3.0
941 silly packumentCache full:https://registry.npmjs.org/es-errors cache-miss
942 silly fetch manifest node-exports-info@^1.6.0
943 silly packumentCache full:https://registry.npmjs.org/node-exports-info cache-miss
944 http cache https://registry.npmjs.org/hasown 17ms (cache hit)
945 silly packumentCache full:https://registry.npmjs.org/hasown set size:18361 disposed:false
946 silly fetch manifest object-keys@^1.1.1
947 silly packumentCache full:https://registry.npmjs.org/object-keys cache-miss
948 http fetch GET 200 https://registry.npmjs.org/node-exports-info 81ms (cache miss)
949 silly packumentCache full:https://registry.npmjs.org/node-exports-info set size:undefined disposed:false
950 silly fetch manifest path-parse@^1.0.7
951 silly packumentCache full:https://registry.npmjs.org/path-parse cache-miss
952 http fetch GET 200 https://registry.npmjs.org/object-keys 70ms (cache miss)
953 silly packumentCache full:https://registry.npmjs.org/object-keys set size:undefined disposed:false
954 silly fetch manifest supports-preserve-symlinks-flag@^1.0.0
955 silly packumentCache full:https://registry.npmjs.org/supports-preserve-symlinks-flag cache-miss
956 http fetch GET 200 https://registry.npmjs.org/es-errors 107ms (cache miss)
957 silly packumentCache full:https://registry.npmjs.org/es-errors set size:undefined disposed:false
958 http fetch GET 200 https://registry.npmjs.org/supports-preserve-symlinks-flag 62ms (cache miss)
959 silly packumentCache full:https://registry.npmjs.org/supports-preserve-symlinks-flag set size:undefined disposed:false
960 http fetch GET 200 https://registry.npmjs.org/path-parse 68ms (cache miss)
961 silly packumentCache full:https://registry.npmjs.org/path-parse set size:undefined disposed:false
962 silly placeDep ROOT @nolyfill/is-core-module@1.0.39 OK for: eslint-import-resolver-typescript@3.10.1 want: 1.0.39
963 silly placeDep ROOT get-tsconfig@4.14.0 OK for: eslint-import-resolver-typescript@3.10.1 want: ^4.10.0
964 silly placeDep ROOT is-bun-module@2.0.0 OK for: eslint-import-resolver-typescript@3.10.1 want: ^2.0.0
965 silly placeDep ROOT stable-hash@0.0.5 OK for: eslint-import-resolver-typescript@3.10.1 want: ^0.0.5
966 silly placeDep ROOT unrs-resolver@1.12.2 OK for: eslint-import-resolver-typescript@3.10.1 want: ^1.6.2
967 silly fetch manifest resolve-pkg-maps@^1.0.0
968 silly packumentCache full:https://registry.npmjs.org/resolve-pkg-maps cache-miss
969 silly fetch manifest napi-postinstall@^0.3.4
970 silly packumentCache full:https://registry.npmjs.org/napi-postinstall cache-miss
971 silly fetch manifest @unrs/resolver-binding-darwin-arm64@1.12.2
972 silly packumentCache full:https://registry.npmjs.org/@unrs%2fresolver-binding-darwin-arm64 cache-miss
973 http fetch GET 200 https://registry.npmjs.org/@unrs%2fresolver-binding-darwin-arm64 239ms (cache miss)
974 silly packumentCache full:https://registry.npmjs.org/@unrs%2fresolver-binding-darwin-arm64 set size:undefined disposed:false
975 silly fetch manifest @unrs/resolver-binding-android-arm64@1.12.2
976 silly packumentCache full:https://registry.npmjs.org/@unrs%2fresolver-binding-android-arm64 cache-miss
977 http fetch GET 200 https://registry.npmjs.org/napi-postinstall 349ms (cache miss)
978 silly packumentCache full:https://registry.npmjs.org/napi-postinstall set size:undefined disposed:false
979 silly fetch manifest @unrs/resolver-binding-win32-arm64-msvc@1.12.2
980 silly packumentCache full:https://registry.npmjs.org/@unrs%2fresolver-binding-win32-arm64-msvc cache-miss
981 http fetch GET 200 https://registry.npmjs.org/resolve-pkg-maps 358ms (cache miss)
982 silly packumentCache full:https://registry.npmjs.org/resolve-pkg-maps set size:undefined disposed:false
983 silly fetch manifest @unrs/resolver-binding-linux-arm64-gnu@1.12.2
984 silly packumentCache full:https://registry.npmjs.org/@unrs%2fresolver-binding-linux-arm64-gnu cache-miss
985 http fetch GET 200 https://registry.npmjs.org/@unrs%2fresolver-binding-android-arm64 239ms (cache miss)
986 silly packumentCache full:https://registry.npmjs.org/@unrs%2fresolver-binding-android-arm64 set size:undefined disposed:false
987 silly fetch manifest @unrs/resolver-binding-linux-arm64-musl@1.12.2
988 silly packumentCache full:https://registry.npmjs.org/@unrs%2fresolver-binding-linux-arm64-musl cache-miss
989 http fetch GET 200 https://registry.npmjs.org/@unrs%2fresolver-binding-linux-arm64-musl 228ms (cache miss)
990 silly packumentCache full:https://registry.npmjs.org/@unrs%2fresolver-binding-linux-arm64-musl set size:undefined disposed:false
991 silly fetch manifest @unrs/resolver-binding-openharmony-arm64@1.12.2
992 silly packumentCache full:https://registry.npmjs.org/@unrs%2fresolver-binding-openharmony-arm64 cache-miss
993 http fetch GET 200 https://registry.npmjs.org/@unrs%2fresolver-binding-openharmony-arm64 219ms (cache miss)
994 silly packumentCache full:https://registry.npmjs.org/@unrs%2fresolver-binding-openharmony-arm64 set size:undefined disposed:false
995 silly fetch manifest @unrs/resolver-binding-android-arm-eabi@1.12.2
996 silly packumentCache full:https://registry.npmjs.org/@unrs%2fresolver-binding-android-arm-eabi cache-miss
997 http fetch GET 200 https://registry.npmjs.org/@unrs%2fresolver-binding-linux-arm64-gnu 738ms (cache miss)
998 silly packumentCache full:https://registry.npmjs.org/@unrs%2fresolver-binding-linux-arm64-gnu set size:undefined disposed:false
999 silly fetch manifest @unrs/resolver-binding-linux-arm-gnueabihf@1.12.2
1000 silly packumentCache full:https://registry.npmjs.org/@unrs%2fresolver-binding-linux-arm-gnueabihf cache-miss
1001 http fetch GET 200 https://registry.npmjs.org/@unrs%2fresolver-binding-win32-arm64-msvc 753ms (cache miss)
1002 silly packumentCache full:https://registry.npmjs.org/@unrs%2fresolver-binding-win32-arm64-msvc set size:undefined disposed:false
1003 silly fetch manifest @unrs/resolver-binding-linux-arm-musleabihf@1.12.2
1004 silly packumentCache full:https://registry.npmjs.org/@unrs%2fresolver-binding-linux-arm-musleabihf cache-miss
1005 http fetch GET 200 https://registry.npmjs.org/@unrs%2fresolver-binding-android-arm-eabi 482ms (cache miss)
1006 silly packumentCache full:https://registry.npmjs.org/@unrs%2fresolver-binding-android-arm-eabi set size:undefined disposed:false
1007 silly fetch manifest @unrs/resolver-binding-win32-ia32-msvc@1.12.2
1008 silly packumentCache full:https://registry.npmjs.org/@unrs%2fresolver-binding-win32-ia32-msvc cache-miss
1009 http fetch GET 200 https://registry.npmjs.org/@unrs%2fresolver-binding-linux-arm-gnueabihf 497ms (cache miss)
1010 silly packumentCache full:https://registry.npmjs.org/@unrs%2fresolver-binding-linux-arm-gnueabihf set size:undefined disposed:false
1011 silly fetch manifest @unrs/resolver-binding-linux-loong64-gnu@1.12.2
1012 silly packumentCache full:https://registry.npmjs.org/@unrs%2fresolver-binding-linux-loong64-gnu cache-miss
1013 http fetch GET 200 https://registry.npmjs.org/@unrs%2fresolver-binding-linux-loong64-gnu 220ms (cache miss)
1014 silly packumentCache full:https://registry.npmjs.org/@unrs%2fresolver-binding-linux-loong64-gnu set size:undefined disposed:false
1015 silly fetch manifest @unrs/resolver-binding-linux-loong64-musl@1.12.2
1016 silly packumentCache full:https://registry.npmjs.org/@unrs%2fresolver-binding-linux-loong64-musl cache-miss
1017 http fetch GET 200 https://registry.npmjs.org/@unrs%2fresolver-binding-linux-arm-musleabihf 741ms (cache miss)
1018 silly packumentCache full:https://registry.npmjs.org/@unrs%2fresolver-binding-linux-arm-musleabihf set size:undefined disposed:false
1019 silly fetch manifest @unrs/resolver-binding-linux-ppc64-gnu@1.12.2
1020 silly packumentCache full:https://registry.npmjs.org/@unrs%2fresolver-binding-linux-ppc64-gnu cache-miss
1021 http fetch GET 200 https://registry.npmjs.org/@unrs%2fresolver-binding-win32-ia32-msvc 476ms (cache miss)
1022 silly packumentCache full:https://registry.npmjs.org/@unrs%2fresolver-binding-win32-ia32-msvc set size:undefined disposed:false
1023 silly fetch manifest @unrs/resolver-binding-linux-riscv64-gnu@1.12.2
1024 silly packumentCache full:https://registry.npmjs.org/@unrs%2fresolver-binding-linux-riscv64-gnu cache-miss
1025 http fetch GET 200 https://registry.npmjs.org/@unrs%2fresolver-binding-linux-riscv64-gnu 238ms (cache miss)
1026 silly packumentCache full:https://registry.npmjs.org/@unrs%2fresolver-binding-linux-riscv64-gnu set size:undefined disposed:false
1027 silly fetch manifest @unrs/resolver-binding-linux-riscv64-musl@1.12.2
1028 silly packumentCache full:https://registry.npmjs.org/@unrs%2fresolver-binding-linux-riscv64-musl cache-miss
1029 http fetch GET 200 https://registry.npmjs.org/@unrs%2fresolver-binding-linux-ppc64-gnu 461ms (cache miss)
1030 silly packumentCache full:https://registry.npmjs.org/@unrs%2fresolver-binding-linux-ppc64-gnu set size:undefined disposed:false
1031 silly fetch manifest @unrs/resolver-binding-linux-s390x-gnu@1.12.2
1032 silly packumentCache full:https://registry.npmjs.org/@unrs%2fresolver-binding-linux-s390x-gnu cache-miss
1033 http fetch GET 200 https://registry.npmjs.org/@unrs%2fresolver-binding-linux-loong64-musl 714ms (cache miss)
1034 silly packumentCache full:https://registry.npmjs.org/@unrs%2fresolver-binding-linux-loong64-musl set size:undefined disposed:false
1035 silly fetch manifest @unrs/resolver-binding-wasm32-wasi@1.12.2
1036 silly packumentCache full:https://registry.npmjs.org/@unrs%2fresolver-binding-wasm32-wasi cache-miss
1037 http fetch GET 200 https://registry.npmjs.org/@unrs%2fresolver-binding-linux-riscv64-musl 463ms (cache miss)
1038 silly packumentCache full:https://registry.npmjs.org/@unrs%2fresolver-binding-linux-riscv64-musl set size:undefined disposed:false
1039 silly fetch manifest @unrs/resolver-binding-darwin-x64@1.12.2
1040 silly packumentCache full:https://registry.npmjs.org/@unrs%2fresolver-binding-darwin-x64 cache-miss
1041 http fetch GET 200 https://registry.npmjs.org/@unrs%2fresolver-binding-wasm32-wasi 233ms (cache miss)
1042 silly packumentCache full:https://registry.npmjs.org/@unrs%2fresolver-binding-wasm32-wasi set size:undefined disposed:false
1043 silly fetch manifest @unrs/resolver-binding-win32-x64-msvc@1.12.2
1044 silly packumentCache full:https://registry.npmjs.org/@unrs%2fresolver-binding-win32-x64-msvc cache-miss
1045 http fetch GET 200 https://registry.npmjs.org/@unrs%2fresolver-binding-darwin-x64 248ms (cache miss)
1046 silly packumentCache full:https://registry.npmjs.org/@unrs%2fresolver-binding-darwin-x64 set size:undefined disposed:false
1047 silly fetch manifest @unrs/resolver-binding-freebsd-x64@1.12.2
1048 silly packumentCache full:https://registry.npmjs.org/@unrs%2fresolver-binding-freebsd-x64 cache-miss
1049 http fetch GET 200 https://registry.npmjs.org/@unrs%2fresolver-binding-linux-s390x-gnu 739ms (cache miss)
1050 silly packumentCache full:https://registry.npmjs.org/@unrs%2fresolver-binding-linux-s390x-gnu set size:undefined disposed:false
1051 silly fetch manifest @unrs/resolver-binding-linux-x64-gnu@1.12.2
1052 silly packumentCache full:https://registry.npmjs.org/@unrs%2fresolver-binding-linux-x64-gnu cache-miss
1053 http fetch GET 200 https://registry.npmjs.org/@unrs%2fresolver-binding-freebsd-x64 220ms (cache miss)
1054 silly packumentCache full:https://registry.npmjs.org/@unrs%2fresolver-binding-freebsd-x64 set size:undefined disposed:false
1055 silly fetch manifest @unrs/resolver-binding-linux-x64-musl@1.12.2
1056 silly packumentCache full:https://registry.npmjs.org/@unrs%2fresolver-binding-linux-x64-musl cache-miss
1057 http fetch GET 200 https://registry.npmjs.org/@unrs%2fresolver-binding-win32-x64-msvc 501ms (cache miss)
1058 silly packumentCache full:https://registry.npmjs.org/@unrs%2fresolver-binding-win32-x64-msvc set size:undefined disposed:false
1059 http fetch GET 200 https://registry.npmjs.org/@unrs%2fresolver-binding-linux-x64-musl 718ms (cache miss)
1060 silly packumentCache full:https://registry.npmjs.org/@unrs%2fresolver-binding-linux-x64-musl set size:undefined disposed:false
1061 http fetch GET 200 https://registry.npmjs.org/@unrs%2fresolver-binding-linux-x64-gnu 829ms (cache miss)
1062 silly packumentCache full:https://registry.npmjs.org/@unrs%2fresolver-binding-linux-x64-gnu set size:undefined disposed:false
1063 silly placeDep ROOT @rtsao/scc@1.1.0 OK for: eslint-plugin-import@2.32.0 want: ^1.1.0
1064 silly placeDep ROOT array-includes@3.1.9 OK for: eslint-plugin-import@2.32.0 want: ^3.1.9
1065 silly placeDep ROOT array.prototype.findlastindex@1.2.6 OK for: eslint-plugin-import@2.32.0 want: ^1.2.6
1066 silly placeDep ROOT array.prototype.flat@1.3.3 OK for: eslint-plugin-import@2.32.0 want: ^1.3.3
1067 silly placeDep ROOT array.prototype.flatmap@1.3.3 OK for: eslint-plugin-import@2.32.0 want: ^1.3.3
1068 silly placeDep node_modules/eslint-plugin-import debug@3.2.7 OK for: eslint-plugin-import@2.32.0 want: ^3.2.7
1069 silly placeDep ROOT doctrine@2.1.0 OK for: eslint-plugin-import@2.32.0 want: ^2.1.0
1070 silly placeDep ROOT eslint-module-utils@2.14.0 OK for: eslint-plugin-import@2.32.0 want: ^2.12.1
1071 silly placeDep ROOT hasown@2.0.4 OK for: eslint-plugin-import@2.32.0 want: ^2.0.2
1072 silly placeDep ROOT object.fromentries@2.0.8 OK for: eslint-plugin-import@2.32.0 want: ^2.0.8
1073 silly placeDep ROOT object.groupby@1.0.3 OK for: eslint-plugin-import@2.32.0 want: ^1.0.3
1074 silly placeDep ROOT object.values@1.2.1 OK for: eslint-plugin-import@2.32.0 want: ^1.2.1
1075 silly placeDep node_modules/eslint-plugin-import semver@6.3.1 OK for: eslint-plugin-import@2.32.0 want: ^6.3.1
1076 silly placeDep ROOT string.prototype.trimend@1.0.10 OK for: eslint-plugin-import@2.32.0 want: ^1.0.9
1077 silly placeDep ROOT tsconfig-paths@3.15.0 OK for: eslint-plugin-import@2.32.0 want: ^3.15.0
1078 silly fetch manifest call-bind@^1.0.8
1079 silly packumentCache full:https://registry.npmjs.org/call-bind cache-miss
1080 silly fetch manifest call-bound@^1.0.4
1081 silly packumentCache full:https://registry.npmjs.org/call-bound cache-miss
1082 silly fetch manifest define-properties@^1.2.1
1083 silly packumentCache full:https://registry.npmjs.org/define-properties cache-miss
1084 http fetch GET 200 https://registry.npmjs.org/define-properties 85ms (cache miss)
1085 silly packumentCache full:https://registry.npmjs.org/define-properties set size:undefined disposed:false
1086 silly fetch manifest es-abstract@^1.24.0
1087 silly packumentCache full:https://registry.npmjs.org/es-abstract cache-miss
1088 http fetch GET 200 https://registry.npmjs.org/call-bind 92ms (cache miss)
1089 silly packumentCache full:https://registry.npmjs.org/call-bind set size:undefined disposed:false
1090 silly fetch manifest es-object-atoms@^1.1.1
1091 silly packumentCache full:https://registry.npmjs.org/es-object-atoms cache-miss
1092 http fetch GET 200 https://registry.npmjs.org/call-bound 100ms (cache miss)
1093 silly packumentCache full:https://registry.npmjs.org/call-bound set size:undefined disposed:false
1094 silly fetch manifest get-intrinsic@^1.3.0
1095 silly packumentCache full:https://registry.npmjs.org/get-intrinsic cache-miss
1096 http fetch GET 200 https://registry.npmjs.org/es-object-atoms 83ms (cache miss)
1097 silly packumentCache full:https://registry.npmjs.org/es-object-atoms set size:undefined disposed:false
1098 silly fetch manifest is-string@^1.1.1
1099 silly packumentCache full:https://registry.npmjs.org/is-string cache-miss
1100 http fetch GET 200 https://registry.npmjs.org/get-intrinsic 86ms (cache miss)
1101 silly packumentCache full:https://registry.npmjs.org/get-intrinsic set size:undefined disposed:false
1102 silly fetch manifest math-intrinsics@^1.1.0
1103 silly packumentCache full:https://registry.npmjs.org/math-intrinsics cache-miss
1104 http fetch GET 200 https://registry.npmjs.org/es-abstract 105ms (cache miss)
1105 silly packumentCache full:https://registry.npmjs.org/es-abstract set size:undefined disposed:false
1106 silly fetch manifest es-abstract@^1.23.9
1107 silly packumentCache full:https://registry.npmjs.org/es-abstract cache-miss
1108 http cache https://registry.npmjs.org/es-abstract 11ms (cache hit)
1109 silly packumentCache full:https://registry.npmjs.org/es-abstract set size:384124 disposed:false
1110 silly fetch manifest es-shim-unscopables@^1.1.0
1111 silly packumentCache full:https://registry.npmjs.org/es-shim-unscopables cache-miss
1112 http fetch GET 200 https://registry.npmjs.org/math-intrinsics 51ms (cache miss)
1113 silly packumentCache full:https://registry.npmjs.org/math-intrinsics set size:undefined disposed:false
1114 silly fetch manifest es-abstract@^1.23.5
1115 silly packumentCache full:https://registry.npmjs.org/es-abstract cache-hit
1116 silly fetch manifest es-shim-unscopables@^1.0.2
1117 silly packumentCache full:https://registry.npmjs.org/es-shim-unscopables cache-miss
1118 http fetch GET 200 https://registry.npmjs.org/es-shim-unscopables 65ms (cache miss)
1119 silly packumentCache full:https://registry.npmjs.org/es-shim-unscopables set size:undefined disposed:false
1120 silly fetch manifest es-shim-unscopables@^1.0.2
1121 silly packumentCache full:https://registry.npmjs.org/es-shim-unscopables cache-miss
1122 http fetch GET 200 https://registry.npmjs.org/es-shim-unscopables 59ms (cache miss)
1123 silly packumentCache full:https://registry.npmjs.org/es-shim-unscopables set size:undefined disposed:false
1124 silly fetch manifest function-bind@^1.1.2
1125 silly packumentCache full:https://registry.npmjs.org/function-bind cache-miss
1126 http cache https://registry.npmjs.org/es-shim-unscopables 21ms (cache hit)
1127 silly packumentCache full:https://registry.npmjs.org/es-shim-unscopables set size:13965 disposed:false
1128 silly fetch manifest call-bind@^1.0.7
1129 silly packumentCache full:https://registry.npmjs.org/call-bind cache-miss
1130 http cache https://registry.npmjs.org/call-bind 8ms (cache hit)
1131 silly packumentCache full:https://registry.npmjs.org/call-bind set size:32985 disposed:false
1132 silly fetch manifest es-abstract@^1.23.2
1133 silly packumentCache full:https://registry.npmjs.org/es-abstract cache-hit
1134 silly fetch manifest es-object-atoms@^1.0.0
1135 silly packumentCache full:https://registry.npmjs.org/es-object-atoms cache-miss
1136 http cache https://registry.npmjs.org/es-object-atoms 10ms (cache hit)
1137 silly packumentCache full:https://registry.npmjs.org/es-object-atoms set size:18278 disposed:false
1138 silly fetch manifest call-bound@^1.0.3
1139 silly packumentCache full:https://registry.npmjs.org/call-bound cache-miss
1140 http cache https://registry.npmjs.org/call-bound 12ms (cache hit)
1141 silly packumentCache full:https://registry.npmjs.org/call-bound set size:15317 disposed:false
1142 silly fetch manifest call-bind@^1.0.9
1143 silly packumentCache full:https://registry.npmjs.org/call-bind cache-hit
1144 silly fetch manifest es-object-atoms@^1.1.2
1145 silly packumentCache full:https://registry.npmjs.org/es-object-atoms cache-hit
1146 silly fetch manifest json5@^1.0.2
1147 silly packumentCache full:https://registry.npmjs.org/json5 cache-miss
1148 http fetch GET 200 https://registry.npmjs.org/function-bind 66ms (cache miss)
1149 silly packumentCache full:https://registry.npmjs.org/function-bind set size:undefined disposed:false
1150 silly fetch manifest minimist@^1.2.6
1151 silly packumentCache full:https://registry.npmjs.org/minimist cache-miss
1152 http fetch GET 200 https://registry.npmjs.org/minimist 73ms (cache miss)
1153 silly packumentCache full:https://registry.npmjs.org/minimist set size:undefined disposed:false
1154 silly fetch manifest strip-bom@^3.0.0
1155 silly packumentCache full:https://registry.npmjs.org/strip-bom cache-miss
1156 http fetch GET 200 https://registry.npmjs.org/json5 90ms (cache miss)
1157 silly packumentCache full:https://registry.npmjs.org/json5 set size:undefined disposed:false
1158 silly fetch manifest @types/json5@^0.0.29
1159 silly packumentCache full:https://registry.npmjs.org/@types%2fjson5 cache-miss
1160 http fetch GET 200 https://registry.npmjs.org/is-string 304ms (cache miss)
1161 silly packumentCache full:https://registry.npmjs.org/is-string set size:undefined disposed:false
1162 http fetch GET 200 https://registry.npmjs.org/strip-bom 331ms (cache miss)
1163 silly packumentCache full:https://registry.npmjs.org/strip-bom set size:undefined disposed:false
1164 http fetch GET 200 https://registry.npmjs.org/@types%2fjson5 561ms (cache miss)
1165 silly packumentCache full:https://registry.npmjs.org/@types%2fjson5 set size:undefined disposed:false
1166 silly placeDep ROOT call-bind@1.0.9 OK for: array-includes@3.1.9 want: ^1.0.8
1167 silly placeDep ROOT call-bound@1.0.4 OK for: array-includes@3.1.9 want: ^1.0.4
1168 silly placeDep ROOT define-properties@1.2.1 OK for: array-includes@3.1.9 want: ^1.2.1
1169 silly placeDep ROOT es-abstract@1.24.2 OK for: array-includes@3.1.9 want: ^1.24.0
1170 silly placeDep ROOT es-object-atoms@1.1.2 OK for: array-includes@3.1.9 want: ^1.1.1
1171 silly placeDep ROOT get-intrinsic@1.3.0 OK for: array-includes@3.1.9 want: ^1.3.0
1172 silly placeDep ROOT is-string@1.1.1 OK for: array-includes@3.1.9 want: ^1.1.1
1173 silly placeDep ROOT math-intrinsics@1.1.0 OK for: array-includes@3.1.9 want: ^1.1.0
1174 silly fetch manifest call-bind-apply-helpers@^1.0.2
1175 silly packumentCache full:https://registry.npmjs.org/call-bind-apply-helpers cache-miss
1176 silly fetch manifest es-define-property@^1.0.1
1177 silly packumentCache full:https://registry.npmjs.org/es-define-property cache-miss
1178 silly fetch manifest set-function-length@^1.2.2
1179 silly packumentCache full:https://registry.npmjs.org/set-function-length cache-miss
1180 http fetch GET 200 https://registry.npmjs.org/es-define-property 70ms (cache miss)
1181 silly packumentCache full:https://registry.npmjs.org/es-define-property set size:undefined disposed:false
1182 silly fetch manifest call-bind-apply-helpers@^1.0.2
1183 silly packumentCache full:https://registry.npmjs.org/call-bind-apply-helpers cache-miss
1184 http fetch GET 200 https://registry.npmjs.org/set-function-length 82ms (cache miss)
1185 silly packumentCache full:https://registry.npmjs.org/set-function-length set size:undefined disposed:false
1186 silly fetch manifest define-data-property@^1.0.1
1187 silly packumentCache full:https://registry.npmjs.org/define-data-property cache-miss
1188 http fetch GET 200 https://registry.npmjs.org/call-bind-apply-helpers 90ms (cache miss)
1189 silly packumentCache full:https://registry.npmjs.org/call-bind-apply-helpers set size:undefined disposed:false
1190 silly fetch manifest has-property-descriptors@^1.0.0
1191 silly packumentCache full:https://registry.npmjs.org/has-property-descriptors cache-miss
1192 http fetch GET 200 https://registry.npmjs.org/call-bind-apply-helpers 80ms (cache miss)
1193 silly packumentCache full:https://registry.npmjs.org/call-bind-apply-helpers set size:undefined disposed:false
1194 silly fetch manifest array-buffer-byte-length@^1.0.2
1195 silly packumentCache full:https://registry.npmjs.org/array-buffer-byte-length cache-miss
1196 http fetch GET 200 https://registry.npmjs.org/define-data-property 85ms (cache miss)
1197 silly packumentCache full:https://registry.npmjs.org/define-data-property set size:undefined disposed:false
1198 silly fetch manifest arraybuffer.prototype.slice@^1.0.4
1199 silly packumentCache full:https://registry.npmjs.org/arraybuffer.prototype.slice cache-miss
1200 http fetch GET 200 https://registry.npmjs.org/has-property-descriptors 115ms (cache miss)
1201 silly packumentCache full:https://registry.npmjs.org/has-property-descriptors set size:undefined disposed:false
1202 silly fetch manifest available-typed-arrays@^1.0.7
1203 silly packumentCache full:https://registry.npmjs.org/available-typed-arrays cache-miss
1204 http fetch GET 200 https://registry.npmjs.org/array-buffer-byte-length 71ms (cache miss)
1205 silly packumentCache full:https://registry.npmjs.org/array-buffer-byte-length set size:undefined disposed:false
1206 silly fetch manifest data-view-buffer@^1.0.2
1207 silly packumentCache full:https://registry.npmjs.org/data-view-buffer cache-miss
1208 http fetch GET 200 https://registry.npmjs.org/available-typed-arrays 82ms (cache miss)
1209 silly packumentCache full:https://registry.npmjs.org/available-typed-arrays set size:undefined disposed:false
1210 silly fetch manifest data-view-byte-length@^1.0.2
1211 silly packumentCache full:https://registry.npmjs.org/data-view-byte-length cache-miss
1212 http fetch GET 200 https://registry.npmjs.org/data-view-byte-length 78ms (cache miss)
1213 silly packumentCache full:https://registry.npmjs.org/data-view-byte-length set size:undefined disposed:false
1214 silly fetch manifest data-view-byte-offset@^1.0.1
1215 silly packumentCache full:https://registry.npmjs.org/data-view-byte-offset cache-miss
1216 http fetch GET 200 https://registry.npmjs.org/data-view-byte-offset 65ms (cache miss)
1217 silly packumentCache full:https://registry.npmjs.org/data-view-byte-offset set size:undefined disposed:false
1218 silly fetch manifest es-set-tostringtag@^2.1.0
1219 silly packumentCache full:https://registry.npmjs.org/es-set-tostringtag cache-miss
1220 http fetch GET 200 https://registry.npmjs.org/arraybuffer.prototype.slice 313ms (cache miss)
1221 silly packumentCache full:https://registry.npmjs.org/arraybuffer.prototype.slice set size:undefined disposed:false
1222 silly fetch manifest es-to-primitive@^1.3.0
1223 silly packumentCache full:https://registry.npmjs.org/es-to-primitive cache-miss
1224 http fetch GET 200 https://registry.npmjs.org/es-set-tostringtag 80ms (cache miss)
1225 silly packumentCache full:https://registry.npmjs.org/es-set-tostringtag set size:undefined disposed:false
1226 silly fetch manifest function.prototype.name@^1.1.8
1227 silly packumentCache full:https://registry.npmjs.org/function.prototype.name cache-miss
1228 http fetch GET 200 https://registry.npmjs.org/data-view-buffer 354ms (cache miss)
1229 silly packumentCache full:https://registry.npmjs.org/data-view-buffer set size:undefined disposed:false
1230 silly fetch manifest get-proto@^1.0.1
1231 silly packumentCache full:https://registry.npmjs.org/get-proto cache-miss
1232 http fetch GET 200 https://registry.npmjs.org/es-to-primitive 105ms (cache miss)
1233 silly packumentCache full:https://registry.npmjs.org/es-to-primitive set size:undefined disposed:false
1234 silly fetch manifest get-symbol-description@^1.1.0
1235 silly packumentCache full:https://registry.npmjs.org/get-symbol-description cache-miss
1236 http fetch GET 200 https://registry.npmjs.org/get-symbol-description 77ms (cache miss)
1237 silly packumentCache full:https://registry.npmjs.org/get-symbol-description set size:undefined disposed:false
1238 silly fetch manifest globalthis@^1.0.4
1239 silly packumentCache full:https://registry.npmjs.org/globalthis cache-miss
1240 http fetch GET 200 https://registry.npmjs.org/get-proto 92ms (cache miss)
1241 silly packumentCache full:https://registry.npmjs.org/get-proto set size:undefined disposed:false
1242 silly fetch manifest gopd@^1.2.0
1243 silly packumentCache full:https://registry.npmjs.org/gopd cache-miss
1244 http fetch GET 200 https://registry.npmjs.org/globalthis 90ms (cache miss)
1245 silly packumentCache full:https://registry.npmjs.org/globalthis set size:undefined disposed:false
1246 silly fetch manifest has-property-descriptors@^1.0.2
1247 silly packumentCache full:https://registry.npmjs.org/has-property-descriptors cache-miss
1248 http fetch GET 200 https://registry.npmjs.org/gopd 83ms (cache miss)
1249 silly packumentCache full:https://registry.npmjs.org/gopd set size:undefined disposed:false
1250 silly fetch manifest has-proto@^1.2.0
1251 silly packumentCache full:https://registry.npmjs.org/has-proto cache-miss
1252 http cache https://registry.npmjs.org/has-property-descriptors 68ms (cache hit)
1253 silly packumentCache full:https://registry.npmjs.org/has-property-descriptors set size:12452 disposed:false
1254 silly fetch manifest has-symbols@^1.1.0
1255 silly packumentCache full:https://registry.npmjs.org/has-symbols cache-miss
1256 http fetch GET 200 https://registry.npmjs.org/function.prototype.name 365ms (cache miss)
1257 silly packumentCache full:https://registry.npmjs.org/function.prototype.name set size:undefined disposed:false
1258 silly fetch manifest internal-slot@^1.1.0
1259 silly packumentCache full:https://registry.npmjs.org/internal-slot cache-miss
1260 http fetch GET 200 https://registry.npmjs.org/has-symbols 66ms (cache miss)
1261 silly packumentCache full:https://registry.npmjs.org/has-symbols set size:undefined disposed:false
1262 silly fetch manifest is-array-buffer@^3.0.5
1263 silly packumentCache full:https://registry.npmjs.org/is-array-buffer cache-miss
1264 http fetch GET 200 https://registry.npmjs.org/internal-slot 67ms (cache miss)
1265 silly packumentCache full:https://registry.npmjs.org/internal-slot set size:undefined disposed:false
1266 silly fetch manifest is-callable@^1.2.7
1267 silly packumentCache full:https://registry.npmjs.org/is-callable cache-miss
1268 http fetch GET 200 https://registry.npmjs.org/is-array-buffer 62ms (cache miss)
1269 silly packumentCache full:https://registry.npmjs.org/is-array-buffer set size:undefined disposed:false
1270 silly fetch manifest is-data-view@^1.0.2
1271 silly packumentCache full:https://registry.npmjs.org/is-data-view cache-miss
1272 http fetch GET 200 https://registry.npmjs.org/is-data-view 64ms (cache miss)
1273 silly packumentCache full:https://registry.npmjs.org/is-data-view set size:undefined disposed:false
1274 silly fetch manifest is-negative-zero@^2.0.3
1275 silly packumentCache full:https://registry.npmjs.org/is-negative-zero cache-miss
1276 http fetch GET 200 https://registry.npmjs.org/has-proto 329ms (cache miss)
1277 silly packumentCache full:https://registry.npmjs.org/has-proto set size:undefined disposed:false
1278 silly fetch manifest is-regex@^1.2.1
1279 silly packumentCache full:https://registry.npmjs.org/is-regex cache-miss
1280 http fetch GET 200 https://registry.npmjs.org/is-negative-zero 73ms (cache miss)
1281 silly packumentCache full:https://registry.npmjs.org/is-negative-zero set size:undefined disposed:false
1282 silly fetch manifest is-set@^2.0.3
1283 silly packumentCache full:https://registry.npmjs.org/is-set cache-miss
1284 http fetch GET 200 https://registry.npmjs.org/is-regex 87ms (cache miss)
1285 silly packumentCache full:https://registry.npmjs.org/is-regex set size:undefined disposed:false
1286 silly fetch manifest is-shared-array-buffer@^1.0.4
1287 silly packumentCache full:https://registry.npmjs.org/is-shared-array-buffer cache-miss
1288 http fetch GET 200 https://registry.npmjs.org/is-callable 325ms (cache miss)
1289 silly packumentCache full:https://registry.npmjs.org/is-callable set size:undefined disposed:false
1290 silly fetch manifest is-typed-array@^1.1.15
1291 silly packumentCache full:https://registry.npmjs.org/is-typed-array cache-miss
1292 http fetch GET 200 https://registry.npmjs.org/is-set 322ms (cache miss)
1293 silly packumentCache full:https://registry.npmjs.org/is-set set size:undefined disposed:false
1294 silly fetch manifest is-weakref@^1.1.1
1295 silly packumentCache full:https://registry.npmjs.org/is-weakref cache-miss
1296 http fetch GET 200 https://registry.npmjs.org/is-shared-array-buffer 365ms (cache miss)
1297 silly packumentCache full:https://registry.npmjs.org/is-shared-array-buffer set size:undefined disposed:false
1298 silly fetch manifest object-inspect@^1.13.4
1299 silly packumentCache full:https://registry.npmjs.org/object-inspect cache-miss
1300 http fetch GET 200 https://registry.npmjs.org/is-weakref 130ms (cache miss)
1301 silly packumentCache full:https://registry.npmjs.org/is-weakref set size:undefined disposed:false
1302 silly fetch manifest object.assign@^4.1.7
1303 silly packumentCache full:https://registry.npmjs.org/object.assign cache-miss
1304 http fetch GET 200 https://registry.npmjs.org/is-typed-array 383ms (cache miss)
1305 silly packumentCache full:https://registry.npmjs.org/is-typed-array set size:undefined disposed:false
1306 silly fetch manifest own-keys@^1.0.1
1307 silly packumentCache full:https://registry.npmjs.org/own-keys cache-miss
1308 http fetch GET 200 https://registry.npmjs.org/object.assign 118ms (cache miss)
1309 silly packumentCache full:https://registry.npmjs.org/object.assign set size:undefined disposed:false
1310 silly fetch manifest regexp.prototype.flags@^1.5.4
1311 silly packumentCache full:https://registry.npmjs.org/regexp.prototype.flags cache-miss
1312 http fetch GET 200 https://registry.npmjs.org/object-inspect 146ms (cache miss)
1313 silly packumentCache full:https://registry.npmjs.org/object-inspect set size:undefined disposed:false
1314 silly fetch manifest safe-array-concat@^1.1.3
1315 silly packumentCache full:https://registry.npmjs.org/safe-array-concat cache-miss
1316 http fetch GET 200 https://registry.npmjs.org/own-keys 77ms (cache miss)
1317 silly packumentCache full:https://registry.npmjs.org/own-keys set size:undefined disposed:false
1318 silly fetch manifest safe-push-apply@^1.0.0
1319 silly packumentCache full:https://registry.npmjs.org/safe-push-apply cache-miss
1320 http fetch GET 200 https://registry.npmjs.org/regexp.prototype.flags 88ms (cache miss)
1321 silly packumentCache full:https://registry.npmjs.org/regexp.prototype.flags set size:undefined disposed:false
1322 silly fetch manifest safe-regex-test@^1.1.0
1323 silly packumentCache full:https://registry.npmjs.org/safe-regex-test cache-miss
1324 http cache https://registry.npmjs.org/safe-regex-test 21ms (cache hit)
1325 silly packumentCache full:https://registry.npmjs.org/safe-regex-test set size:17412 disposed:false
1326 silly fetch manifest set-proto@^1.0.0
1327 silly packumentCache full:https://registry.npmjs.org/set-proto cache-miss
1328 http fetch GET 200 https://registry.npmjs.org/safe-push-apply 69ms (cache miss)
1329 silly packumentCache full:https://registry.npmjs.org/safe-push-apply set size:undefined disposed:false
1330 silly fetch manifest stop-iteration-iterator@^1.1.0
1331 silly packumentCache full:https://registry.npmjs.org/stop-iteration-iterator cache-miss
1332 http fetch GET 200 https://registry.npmjs.org/set-proto 64ms (cache miss)
1333 silly packumentCache full:https://registry.npmjs.org/set-proto set size:undefined disposed:false
1334 silly fetch manifest string.prototype.trim@^1.2.10
1335 silly packumentCache full:https://registry.npmjs.org/string.prototype.trim cache-miss
1336 http fetch GET 200 https://registry.npmjs.org/stop-iteration-iterator 70ms (cache miss)
1337 silly packumentCache full:https://registry.npmjs.org/stop-iteration-iterator set size:undefined disposed:false
1338 silly fetch manifest string.prototype.trimstart@^1.0.8
1339 silly packumentCache full:https://registry.npmjs.org/string.prototype.trimstart cache-miss
1340 http fetch GET 200 https://registry.npmjs.org/string.prototype.trimstart 67ms (cache miss)
1341 silly packumentCache full:https://registry.npmjs.org/string.prototype.trimstart set size:undefined disposed:false
1342 silly fetch manifest typed-array-buffer@^1.0.3
1343 silly packumentCache full:https://registry.npmjs.org/typed-array-buffer cache-miss
1344 http fetch GET 200 https://registry.npmjs.org/safe-array-concat 310ms (cache miss)
1345 silly packumentCache full:https://registry.npmjs.org/safe-array-concat set size:undefined disposed:false
1346 silly fetch manifest typed-array-byte-length@^1.0.3
1347 silly packumentCache full:https://registry.npmjs.org/typed-array-byte-length cache-miss
1348 http fetch GET 200 https://registry.npmjs.org/typed-array-buffer 67ms (cache miss)
1349 silly packumentCache full:https://registry.npmjs.org/typed-array-buffer set size:undefined disposed:false
1350 silly fetch manifest typed-array-byte-offset@^1.0.4
1351 silly packumentCache full:https://registry.npmjs.org/typed-array-byte-offset cache-miss
1352 http fetch GET 200 https://registry.npmjs.org/typed-array-byte-offset 60ms (cache miss)
1353 silly packumentCache full:https://registry.npmjs.org/typed-array-byte-offset set size:undefined disposed:false
1354 silly fetch manifest typed-array-length@^1.0.7
1355 silly packumentCache full:https://registry.npmjs.org/typed-array-length cache-miss
1356 http fetch GET 200 https://registry.npmjs.org/typed-array-length 77ms (cache miss)
1357 silly packumentCache full:https://registry.npmjs.org/typed-array-length set size:undefined disposed:false
1358 silly fetch manifest unbox-primitive@^1.1.0
1359 silly packumentCache full:https://registry.npmjs.org/unbox-primitive cache-miss
1360 http fetch GET 200 https://registry.npmjs.org/string.prototype.trim 325ms (cache miss)
1361 silly packumentCache full:https://registry.npmjs.org/string.prototype.trim set size:undefined disposed:false
1362 silly fetch manifest which-typed-array@^1.1.19
1363 silly packumentCache full:https://registry.npmjs.org/which-typed-array cache-miss
1364 http fetch GET 200 https://registry.npmjs.org/unbox-primitive 76ms (cache miss)
1365 silly packumentCache full:https://registry.npmjs.org/unbox-primitive set size:undefined disposed:false
1366 silly fetch manifest has-tostringtag@^1.0.2
1367 silly packumentCache full:https://registry.npmjs.org/has-tostringtag cache-miss
1368 http fetch GET 200 https://registry.npmjs.org/which-typed-array 78ms (cache miss)
1369 silly packumentCache full:https://registry.npmjs.org/which-typed-array set size:undefined disposed:false
1370 http fetch GET 200 https://registry.npmjs.org/typed-array-byte-length 318ms (cache miss)
1371 silly packumentCache full:https://registry.npmjs.org/typed-array-byte-length set size:undefined disposed:false
1372 http fetch GET 200 https://registry.npmjs.org/has-tostringtag 80ms (cache miss)
1373 silly packumentCache full:https://registry.npmjs.org/has-tostringtag set size:undefined disposed:false
1374 silly placeDep ROOT es-errors@1.3.0 OK for: array.prototype.findlastindex@1.2.6 want: ^1.3.0
1375 silly placeDep ROOT es-shim-unscopables@1.1.0 OK for: array.prototype.findlastindex@1.2.6 want: ^1.1.0
1376 silly placeDep ROOT call-bind-apply-helpers@1.0.2 OK for: call-bind@1.0.9 want: ^1.0.2
1377 silly placeDep ROOT es-define-property@1.0.1 OK for: call-bind@1.0.9 want: ^1.0.1
1378 silly placeDep ROOT set-function-length@1.2.2 OK for: call-bind@1.0.9 want: ^1.2.2
1379 silly fetch manifest define-data-property@^1.1.4
1380 silly packumentCache full:https://registry.npmjs.org/define-data-property cache-miss
1381 silly fetch manifest gopd@^1.0.1
1382 silly packumentCache full:https://registry.npmjs.org/gopd cache-miss
1383 http cache https://registry.npmjs.org/gopd 12ms (cache hit)
1384 silly packumentCache full:https://registry.npmjs.org/gopd set size:11483 disposed:false
1385 http cache https://registry.npmjs.org/define-data-property 148ms (cache hit)
1386 silly packumentCache full:https://registry.npmjs.org/define-data-property set size:28048 disposed:false
1387 silly placeDep ROOT function-bind@1.1.2 OK for: call-bind-apply-helpers@1.0.2 want: ^1.1.2
1388 silly placeDep ROOT define-data-property@1.1.4 OK for: define-properties@1.2.1 want: ^1.0.1
1389 silly placeDep ROOT has-property-descriptors@1.0.2 OK for: define-properties@1.2.1 want: ^1.0.0
1390 silly placeDep ROOT object-keys@1.1.1 OK for: define-properties@1.2.1 want: ^1.1.1
1391 silly placeDep ROOT gopd@1.2.0 OK for: define-data-property@1.1.4 want: ^1.0.1
1392 silly placeDep ROOT array-buffer-byte-length@1.0.2 OK for: es-abstract@1.24.2 want: ^1.0.2
1393 silly placeDep ROOT arraybuffer.prototype.slice@1.0.4 OK for: es-abstract@1.24.2 want: ^1.0.4
1394 silly placeDep ROOT available-typed-arrays@1.0.7 OK for: es-abstract@1.24.2 want: ^1.0.7
1395 silly placeDep ROOT data-view-buffer@1.0.2 OK for: es-abstract@1.24.2 want: ^1.0.2
1396 silly placeDep ROOT data-view-byte-length@1.0.2 OK for: es-abstract@1.24.2 want: ^1.0.2
1397 silly placeDep ROOT data-view-byte-offset@1.0.1 OK for: es-abstract@1.24.2 want: ^1.0.1
1398 silly placeDep ROOT es-set-tostringtag@2.1.0 OK for: es-abstract@1.24.2 want: ^2.1.0
1399 silly placeDep ROOT es-to-primitive@1.3.4 OK for: es-abstract@1.24.2 want: ^1.3.0
1400 silly placeDep ROOT function.prototype.name@1.2.0 OK for: es-abstract@1.24.2 want: ^1.1.8
1401 silly placeDep ROOT get-proto@1.0.1 OK for: es-abstract@1.24.2 want: ^1.0.1
1402 silly placeDep ROOT get-symbol-description@1.1.0 OK for: es-abstract@1.24.2 want: ^1.1.0
1403 silly placeDep ROOT globalthis@1.0.4 OK for: es-abstract@1.24.2 want: ^1.0.4
1404 silly placeDep ROOT has-proto@1.2.0 OK for: es-abstract@1.24.2 want: ^1.2.0
1405 silly placeDep ROOT has-symbols@1.1.0 OK for: es-abstract@1.24.2 want: ^1.1.0
1406 silly placeDep ROOT internal-slot@1.1.0 OK for: es-abstract@1.24.2 want: ^1.1.0
1407 silly placeDep ROOT is-array-buffer@3.0.5 OK for: es-abstract@1.24.2 want: ^3.0.5
1408 silly placeDep ROOT is-callable@1.2.7 OK for: es-abstract@1.24.2 want: ^1.2.7
1409 silly placeDep ROOT is-data-view@1.0.2 OK for: es-abstract@1.24.2 want: ^1.0.2
1410 silly placeDep ROOT is-negative-zero@2.0.3 OK for: es-abstract@1.24.2 want: ^2.0.3
1411 silly placeDep ROOT is-regex@1.2.1 OK for: es-abstract@1.24.2 want: ^1.2.1
1412 silly placeDep ROOT is-set@2.0.3 OK for: es-abstract@1.24.2 want: ^2.0.3
1413 silly placeDep ROOT is-shared-array-buffer@1.0.4 OK for: es-abstract@1.24.2 want: ^1.0.4
1414 silly placeDep ROOT is-typed-array@1.1.15 OK for: es-abstract@1.24.2 want: ^1.1.15
1415 silly placeDep ROOT is-weakref@1.1.1 OK for: es-abstract@1.24.2 want: ^1.1.1
1416 silly placeDep ROOT object-inspect@1.13.4 OK for: es-abstract@1.24.2 want: ^1.13.4
1417 silly placeDep ROOT object.assign@4.1.7 OK for: es-abstract@1.24.2 want: ^4.1.7
1418 silly placeDep ROOT own-keys@1.0.2 OK for: es-abstract@1.24.2 want: ^1.0.1
1419 silly placeDep ROOT regexp.prototype.flags@1.5.4 OK for: es-abstract@1.24.2 want: ^1.5.4
1420 silly placeDep ROOT safe-array-concat@1.1.4 OK for: es-abstract@1.24.2 want: ^1.1.3
1421 silly placeDep ROOT safe-push-apply@1.0.0 OK for: es-abstract@1.24.2 want: ^1.0.0
1422 silly placeDep ROOT safe-regex-test@1.1.0 OK for: es-abstract@1.24.2 want: ^1.1.0
1423 silly placeDep ROOT set-proto@1.0.0 OK for: es-abstract@1.24.2 want: ^1.0.0
1424 silly placeDep ROOT stop-iteration-iterator@1.1.0 OK for: es-abstract@1.24.2 want: ^1.1.0
1425 silly placeDep ROOT string.prototype.trim@1.2.11 OK for: es-abstract@1.24.2 want: ^1.2.10
1426 silly placeDep ROOT string.prototype.trimstart@1.0.8 OK for: es-abstract@1.24.2 want: ^1.0.8
1427 silly placeDep ROOT typed-array-buffer@1.0.3 OK for: es-abstract@1.24.2 want: ^1.0.3
1428 silly placeDep ROOT typed-array-byte-length@1.0.3 OK for: es-abstract@1.24.2 want: ^1.0.3
1429 silly placeDep ROOT typed-array-byte-offset@1.0.4 OK for: es-abstract@1.24.2 want: ^1.0.4
1430 silly placeDep ROOT typed-array-length@1.0.8 OK for: es-abstract@1.24.2 want: ^1.0.7
1431 silly placeDep ROOT unbox-primitive@1.1.0 OK for: es-abstract@1.24.2 want: ^1.1.0
1432 silly placeDep ROOT which-typed-array@1.1.22 OK for: es-abstract@1.24.2 want: ^1.1.19
1433 silly fetch manifest is-array-buffer@^3.0.4
1434 silly packumentCache full:https://registry.npmjs.org/is-array-buffer cache-miss
1435 silly fetch manifest possible-typed-array-names@^1.0.0
1436 silly packumentCache full:https://registry.npmjs.org/possible-typed-array-names cache-miss
1437 silly fetch manifest is-data-view@^1.0.1
1438 silly packumentCache full:https://registry.npmjs.org/is-data-view cache-miss
1439 http cache https://registry.npmjs.org/is-array-buffer 42ms (cache hit)
1440 silly packumentCache full:https://registry.npmjs.org/is-array-buffer set size:33562 disposed:false
1441 silly fetch manifest is-symbol@^1.1.1
1442 silly packumentCache full:https://registry.npmjs.org/is-symbol cache-miss
1443 http cache https://registry.npmjs.org/is-data-view 47ms (cache hit)
1444 silly packumentCache full:https://registry.npmjs.org/is-data-view set size:13756 disposed:false
1445 silly fetch manifest is-date-object@^1.1.0
1446 silly packumentCache full:https://registry.npmjs.org/is-date-object cache-miss
1447 http fetch GET 200 https://registry.npmjs.org/possible-typed-array-names 98ms (cache miss)
1448 silly packumentCache full:https://registry.npmjs.org/possible-typed-array-names set size:undefined disposed:false
1449 silly fetch manifest es-abstract-get@^1.0.0
1450 silly packumentCache full:https://registry.npmjs.org/es-abstract-get cache-miss
1451 http fetch GET 200 https://registry.npmjs.org/is-symbol 78ms (cache miss)
1452 silly packumentCache full:https://registry.npmjs.org/is-symbol set size:undefined disposed:false
1453 silly fetch manifest is-document.all@^1.0.0
1454 silly packumentCache full:https://registry.npmjs.org/is-document.all cache-miss
1455 http fetch GET 200 https://registry.npmjs.org/is-document.all 72ms (cache miss)
1456 silly packumentCache full:https://registry.npmjs.org/is-document.all set size:undefined disposed:false
1457 silly fetch manifest functions-have-names@^1.2.3
1458 silly packumentCache full:https://registry.npmjs.org/functions-have-names cache-miss
1459 http fetch GET 200 https://registry.npmjs.org/functions-have-names 66ms (cache miss)
1460 silly packumentCache full:https://registry.npmjs.org/functions-have-names set size:undefined disposed:false
1461 silly fetch manifest dunder-proto@^1.0.1
1462 silly packumentCache full:https://registry.npmjs.org/dunder-proto cache-miss
1463 http fetch GET 200 https://registry.npmjs.org/dunder-proto 49ms (cache miss)
1464 silly packumentCache full:https://registry.npmjs.org/dunder-proto set size:undefined disposed:false
1465 silly fetch manifest dunder-proto@^1.0.0
1466 silly packumentCache full:https://registry.npmjs.org/dunder-proto cache-miss
1467 http cache https://registry.npmjs.org/dunder-proto 18ms (cache hit)
1468 silly packumentCache full:https://registry.npmjs.org/dunder-proto set size:8256 disposed:false
1469 silly fetch manifest side-channel@^1.1.0
1470 silly packumentCache full:https://registry.npmjs.org/side-channel cache-miss
1471 http fetch GET 200 https://registry.npmjs.org/is-date-object 302ms (cache miss)
1472 silly packumentCache full:https://registry.npmjs.org/is-date-object set size:undefined disposed:false
1473 silly fetch manifest is-typed-array@^1.1.13
1474 silly packumentCache full:https://registry.npmjs.org/is-typed-array cache-miss
1475 http cache https://registry.npmjs.org/is-typed-array 12ms (cache hit)
1476 silly packumentCache full:https://registry.npmjs.org/is-typed-array set size:79965 disposed:false
1477 silly fetch manifest which-typed-array@^1.1.16
1478 silly packumentCache full:https://registry.npmjs.org/which-typed-array cache-miss
1479 http cache https://registry.npmjs.org/which-typed-array 14ms (cache hit)
1480 silly packumentCache full:https://registry.npmjs.org/which-typed-array set size:101551 disposed:false
1481 silly fetch manifest set-function-name@^2.0.2
1482 silly packumentCache full:https://registry.npmjs.org/set-function-name cache-miss
1483 http fetch GET 200 https://registry.npmjs.org/side-channel 58ms (cache miss)
1484 silly packumentCache full:https://registry.npmjs.org/side-channel set size:undefined disposed:false
1485 silly fetch manifest isarray@^2.0.5
1486 silly packumentCache full:https://registry.npmjs.org/isarray cache-miss
1487 http fetch GET 200 https://registry.npmjs.org/set-function-name 62ms (cache miss)
1488 silly packumentCache full:https://registry.npmjs.org/set-function-name set size:undefined disposed:false
1489 silly fetch manifest isarray@^2.0.5
1490 silly packumentCache full:https://registry.npmjs.org/isarray cache-miss
1491 http fetch GET 200 https://registry.npmjs.org/isarray 65ms (cache miss)
1492 silly packumentCache full:https://registry.npmjs.org/isarray set size:undefined disposed:false
1493 silly fetch manifest for-each@^0.3.3
1494 silly packumentCache full:https://registry.npmjs.org/for-each cache-miss
1495 http fetch GET 200 https://registry.npmjs.org/es-abstract-get 391ms (cache miss)
1496 silly packumentCache full:https://registry.npmjs.org/es-abstract-get set size:undefined disposed:false
1497 silly fetch manifest for-each@^0.3.3
1498 silly packumentCache full:https://registry.npmjs.org/for-each cache-miss
1499 http fetch GET 200 https://registry.npmjs.org/isarray 61ms (cache miss)
1500 silly packumentCache full:https://registry.npmjs.org/isarray set size:undefined disposed:false
1501 silly fetch manifest reflect.getprototypeof@^1.0.9
1502 silly packumentCache full:https://registry.npmjs.org/reflect.getprototypeof cache-miss
1503 http fetch GET 200 https://registry.npmjs.org/for-each 63ms (cache miss)
1504 silly packumentCache full:https://registry.npmjs.org/for-each set size:undefined disposed:false
1505 silly fetch manifest for-each@^0.3.5
1506 silly packumentCache full:https://registry.npmjs.org/for-each cache-miss
1507 http fetch GET 200 https://registry.npmjs.org/for-each 59ms (cache miss)
1508 silly packumentCache full:https://registry.npmjs.org/for-each set size:undefined disposed:false
1509 silly fetch manifest possible-typed-array-names@^1.1.0
1510 silly packumentCache full:https://registry.npmjs.org/possible-typed-array-names cache-miss
1511 http cache https://registry.npmjs.org/for-each 19ms (cache hit)
1512 silly packumentCache full:https://registry.npmjs.org/for-each set size:14327 disposed:false
1513 silly fetch manifest reflect.getprototypeof@^1.0.10
1514 silly packumentCache full:https://registry.npmjs.org/reflect.getprototypeof cache-miss
1515 http cache https://registry.npmjs.org/possible-typed-array-names 19ms (cache hit)
1516 silly packumentCache full:https://registry.npmjs.org/possible-typed-array-names set size:9167 disposed:false
1517 silly fetch manifest has-bigints@^1.0.2
1518 silly packumentCache full:https://registry.npmjs.org/has-bigints cache-miss
1519 http fetch GET 200 https://registry.npmjs.org/reflect.getprototypeof 298ms (cache miss)
1520 silly packumentCache full:https://registry.npmjs.org/reflect.getprototypeof set size:undefined disposed:false
1521 silly fetch manifest which-boxed-primitive@^1.1.1
1522 silly packumentCache full:https://registry.npmjs.org/which-boxed-primitive cache-miss
1523 http fetch GET 200 https://registry.npmjs.org/has-bigints 300ms (cache miss)
1524 silly packumentCache full:https://registry.npmjs.org/has-bigints set size:undefined disposed:false
1525 http fetch GET 200 https://registry.npmjs.org/reflect.getprototypeof 368ms (cache miss)
1526 silly packumentCache full:https://registry.npmjs.org/reflect.getprototypeof set size:undefined disposed:false
1527 http fetch GET 200 https://registry.npmjs.org/which-boxed-primitive 332ms (cache miss)
1528 silly packumentCache full:https://registry.npmjs.org/which-boxed-primitive set size:undefined disposed:false
1529 silly placeDep ROOT possible-typed-array-names@1.1.0 OK for: available-typed-arrays@1.0.7 want: ^1.0.0
1530 silly placeDep ROOT has-tostringtag@1.0.2 OK for: es-set-tostringtag@2.1.0 want: ^1.0.2
1531 silly placeDep ROOT es-abstract-get@1.0.0 OK for: es-to-primitive@1.3.4 want: ^1.0.0
1532 silly placeDep ROOT is-date-object@1.1.0 OK for: es-to-primitive@1.3.4 want: ^1.1.0
1533 silly placeDep ROOT is-symbol@1.1.1 OK for: es-to-primitive@1.3.4 want: ^1.1.1
1534 silly placeDep node_modules/eslint-module-utils debug@3.2.7 OK for: eslint-module-utils@2.14.0 want: ^3.2.7
1535 silly placeDep ROOT aria-query@5.3.2 OK for: eslint-plugin-jsx-a11y@6.10.2 want: ^5.3.2
1536 silly placeDep ROOT ast-types-flow@0.0.8 OK for: eslint-plugin-jsx-a11y@6.10.2 want: ^0.0.8
1537 silly placeDep ROOT axe-core@4.12.1 OK for: eslint-plugin-jsx-a11y@6.10.2 want: ^4.10.0
1538 silly placeDep ROOT axobject-query@4.1.0 OK for: eslint-plugin-jsx-a11y@6.10.2 want: ^4.1.0
1539 silly placeDep ROOT damerau-levenshtein@1.0.8 OK for: eslint-plugin-jsx-a11y@6.10.2 want: ^1.0.8
1540 silly placeDep ROOT emoji-regex@9.2.2 OK for: eslint-plugin-jsx-a11y@6.10.2 want: ^9.2.2
1541 silly placeDep ROOT jsx-ast-utils@3.3.5 OK for: eslint-plugin-jsx-a11y@6.10.2 want: ^3.3.5
1542 silly placeDep ROOT language-tags@1.0.9 OK for: eslint-plugin-jsx-a11y@6.10.2 want: ^1.0.9
1543 silly placeDep ROOT string.prototype.includes@2.0.1 OK for: eslint-plugin-jsx-a11y@6.10.2 want: ^2.0.1
1544 silly fetch manifest language-subtag-registry@^0.3.20
1545 silly packumentCache full:https://registry.npmjs.org/language-subtag-registry cache-miss
1546 http fetch GET 200 https://registry.npmjs.org/language-subtag-registry 83ms (cache miss)
1547 silly packumentCache full:https://registry.npmjs.org/language-subtag-registry set size:undefined disposed:false
1548 silly placeDep ROOT array.prototype.findlast@1.2.5 OK for: eslint-plugin-react@7.37.5 want: ^1.2.5
1549 silly placeDep ROOT array.prototype.tosorted@1.1.4 OK for: eslint-plugin-react@7.37.5 want: ^1.1.4
1550 silly placeDep ROOT es-iterator-helpers@1.4.0 OK for: eslint-plugin-react@7.37.5 want: ^1.2.1
1551 silly placeDep ROOT estraverse@5.3.0 OK for: eslint-plugin-react@7.37.5 want: ^5.3.0
1552 silly placeDep ROOT object.entries@1.1.9 OK for: eslint-plugin-react@7.37.5 want: ^1.1.9
1553 silly placeDep ROOT prop-types@15.8.1 OK for: eslint-plugin-react@7.37.5 want: ^15.8.1
1554 silly placeDep node_modules/eslint-plugin-react semver@6.3.1 OK for: eslint-plugin-react@7.37.5 want: ^6.3.1
1555 silly placeDep ROOT string.prototype.matchall@4.0.12 OK for: eslint-plugin-react@7.37.5 want: ^4.0.12
1556 silly placeDep ROOT string.prototype.repeat@1.0.0 OK for: eslint-plugin-react@7.37.5 want: ^1.0.0
1557 silly fetch manifest iterator.prototype@^1.1.5
1558 silly packumentCache full:https://registry.npmjs.org/iterator.prototype cache-miss
1559 silly fetch manifest loose-envify@^1.4.0
1560 silly packumentCache full:https://registry.npmjs.org/loose-envify cache-miss
1561 silly fetch manifest object-assign@^4.1.1
1562 silly packumentCache full:https://registry.npmjs.org/object-assign cache-miss
1563 http fetch GET 200 https://registry.npmjs.org/loose-envify 67ms (cache miss)
1564 silly packumentCache full:https://registry.npmjs.org/loose-envify set size:undefined disposed:false
1565 silly fetch manifest react-is@^16.13.1
1566 silly packumentCache full:https://registry.npmjs.org/react-is cache-miss
1567 http fetch GET 200 https://registry.npmjs.org/object-assign 94ms (cache miss)
1568 silly packumentCache full:https://registry.npmjs.org/object-assign set size:undefined disposed:false
1569 http fetch GET 200 https://registry.npmjs.org/iterator.prototype 323ms (cache miss)
1570 silly packumentCache full:https://registry.npmjs.org/iterator.prototype set size:undefined disposed:false
1571 http fetch GET 200 https://registry.npmjs.org/react-is 275ms (cache miss)
1572 silly packumentCache full:https://registry.npmjs.org/react-is set size:undefined disposed:false
1573 silly placeDep ROOT iterator.prototype@1.1.5 OK for: es-iterator-helpers@1.4.0 want: ^1.1.5
1574 silly placeDep ROOT esrecurse@4.3.0 OK for: eslint-scope@8.4.0 want: ^4.3.0
1575 silly placeDep ROOT acorn@8.18.0 OK for: espree@10.4.0 want: ^8.15.0
1576 silly placeDep ROOT acorn-jsx@5.3.2 OK for: espree@10.4.0 want: ^5.3.2
1577 silly placeDep ROOT @nodelib/fs.stat@2.0.5 OK for: fast-glob@3.3.1 want: ^2.0.2
1578 silly placeDep ROOT @nodelib/fs.walk@1.2.8 OK for: fast-glob@3.3.1 want: ^1.2.3
1579 silly placeDep node_modules/fast-glob glob-parent@5.1.2 OK for: fast-glob@3.3.1 want: ^5.1.2
1580 silly placeDep ROOT merge2@1.4.1 OK for: fast-glob@3.3.1 want: ^1.3.0
1581 silly placeDep ROOT micromatch@4.0.8 OK for: fast-glob@3.3.1 want: ^4.0.4
1582 silly fetch manifest fastq@^1.6.0
1583 silly packumentCache full:https://registry.npmjs.org/fastq cache-miss
1584 silly fetch manifest @nodelib/fs.scandir@2.1.5
1585 silly packumentCache full:https://registry.npmjs.org/@nodelib%2ffs.scandir cache-miss
1586 silly fetch manifest braces@^3.0.3
1587 silly packumentCache full:https://registry.npmjs.org/braces cache-miss
1588 http fetch GET 200 https://registry.npmjs.org/@nodelib%2ffs.scandir 115ms (cache miss)
1589 silly packumentCache full:https://registry.npmjs.org/@nodelib%2ffs.scandir set size:undefined disposed:false
1590 silly fetch manifest picomatch@^2.3.1
1591 silly packumentCache full:https://registry.npmjs.org/picomatch cache-miss
1592 http fetch GET 200 https://registry.npmjs.org/braces 118ms (cache miss)
1593 silly packumentCache full:https://registry.npmjs.org/braces set size:undefined disposed:false
1594 http cache https://registry.npmjs.org/picomatch 16ms (cache hit)
1595 silly packumentCache full:https://registry.npmjs.org/picomatch set size:128942 disposed:false
1596 http fetch GET 200 https://registry.npmjs.org/fastq 149ms (cache miss)
1597 silly packumentCache full:https://registry.npmjs.org/fastq set size:undefined disposed:false
1598 silly placeDep ROOT @nodelib/fs.scandir@2.1.5 OK for: @nodelib/fs.walk@1.2.8 want: 2.1.5
1599 silly placeDep ROOT fastq@1.20.1 OK for: @nodelib/fs.walk@1.2.8 want: ^1.6.0
1600 silly fetch manifest run-parallel@^1.1.9
1601 silly packumentCache full:https://registry.npmjs.org/run-parallel cache-miss
1602 silly fetch manifest reusify@^1.0.4
1603 silly packumentCache full:https://registry.npmjs.org/reusify cache-miss
1604 http fetch GET 200 https://registry.npmjs.org/reusify 65ms (cache miss)
1605 silly packumentCache full:https://registry.npmjs.org/reusify set size:undefined disposed:false
1606 http fetch GET 200 https://registry.npmjs.org/run-parallel 68ms (cache miss)
1607 silly packumentCache full:https://registry.npmjs.org/run-parallel set size:undefined disposed:false
1608 silly placeDep ROOT run-parallel@1.2.0 OK for: @nodelib/fs.scandir@2.1.5 want: ^1.1.9
1609 silly fetch manifest queue-microtask@^1.2.2
1610 silly packumentCache full:https://registry.npmjs.org/queue-microtask cache-miss
1611 http fetch GET 200 https://registry.npmjs.org/queue-microtask 69ms (cache miss)
1612 silly packumentCache full:https://registry.npmjs.org/queue-microtask set size:undefined disposed:false
1613 silly placeDep ROOT reusify@1.1.0 OK for: fastq@1.20.1 want: ^1.0.4
1614 silly placeDep ROOT flat-cache@4.0.1 OK for: file-entry-cache@8.0.0 want: ^4.0.0
1615 silly fetch manifest keyv@^4.5.4
1616 silly packumentCache full:https://registry.npmjs.org/keyv cache-miss
1617 silly fetch manifest flatted@^3.2.9
1618 silly packumentCache full:https://registry.npmjs.org/flatted cache-miss
1619 http fetch GET 200 https://registry.npmjs.org/flatted 89ms (cache miss)
1620 silly packumentCache full:https://registry.npmjs.org/flatted set size:undefined disposed:false
1621 http fetch GET 200 https://registry.npmjs.org/keyv 93ms (cache miss)
1622 silly packumentCache full:https://registry.npmjs.org/keyv set size:undefined disposed:false
1623 silly placeDep ROOT locate-path@6.0.0 OK for: find-up@5.0.0 want: ^6.0.0
1624 silly placeDep ROOT path-exists@4.0.0 OK for: find-up@5.0.0 want: ^4.0.0
1625 silly fetch manifest p-locate@^5.0.0
1626 silly packumentCache full:https://registry.npmjs.org/p-locate cache-miss
1627 http fetch GET 200 https://registry.npmjs.org/p-locate 79ms (cache miss)
1628 silly packumentCache full:https://registry.npmjs.org/p-locate set size:undefined disposed:false
1629 silly placeDep ROOT flatted@3.4.4 OK for: flat-cache@4.0.1 want: ^3.2.9
1630 silly placeDep ROOT keyv@4.5.4 OK for: flat-cache@4.0.1 want: ^4.5.4
1631 silly fetch manifest json-buffer@3.0.1
1632 silly packumentCache full:https://registry.npmjs.org/json-buffer cache-miss
1633 http fetch GET 200 https://registry.npmjs.org/json-buffer 97ms (cache miss)
1634 silly packumentCache full:https://registry.npmjs.org/json-buffer set size:undefined disposed:false
1635 silly placeDep ROOT functions-have-names@1.2.3 OK for: function.prototype.name@1.2.0 want: ^1.2.3
1636 silly placeDep ROOT is-document.all@1.0.0 OK for: function.prototype.name@1.2.0 want: ^1.0.0
1637 silly placeDep ROOT dunder-proto@1.0.1 OK for: get-proto@1.0.1 want: ^1.0.1
1638 silly placeDep ROOT resolve-pkg-maps@1.0.0 OK for: get-tsconfig@4.14.0 want: ^1.0.0
1639 silly placeDep ROOT parent-module@1.0.1 OK for: import-fresh@3.3.1 want: ^1.0.0
1640 silly placeDep ROOT resolve-from@4.0.0 OK for: import-fresh@3.3.1 want: ^4.0.0
1641 silly fetch manifest callsites@^3.0.0
1642 silly packumentCache full:https://registry.npmjs.org/callsites cache-miss
1643 http fetch GET 200 https://registry.npmjs.org/callsites 69ms (cache miss)
1644 silly packumentCache full:https://registry.npmjs.org/callsites set size:undefined disposed:false
1645 silly placeDep ROOT side-channel@1.1.1 OK for: internal-slot@1.1.0 want: ^1.1.0
1646 silly fetch manifest side-channel-list@^1.0.1
1647 silly packumentCache full:https://registry.npmjs.org/side-channel-list cache-miss
1648 silly fetch manifest side-channel-map@^1.0.1
1649 silly packumentCache full:https://registry.npmjs.org/side-channel-map cache-miss
1650 silly fetch manifest side-channel-weakmap@^1.0.2
1651 silly packumentCache full:https://registry.npmjs.org/side-channel-weakmap cache-miss
1652 http fetch GET 200 https://registry.npmjs.org/side-channel-weakmap 73ms (cache miss)
1653 silly packumentCache full:https://registry.npmjs.org/side-channel-weakmap set size:undefined disposed:false
1654 http fetch GET 200 https://registry.npmjs.org/side-channel-map 83ms (cache miss)
1655 silly packumentCache full:https://registry.npmjs.org/side-channel-map set size:undefined disposed:false
1656 http fetch GET 200 https://registry.npmjs.org/side-channel-list 91ms (cache miss)
1657 silly packumentCache full:https://registry.npmjs.org/side-channel-list set size:undefined disposed:false
1658 silly placeDep ROOT is-extglob@2.1.1 OK for: is-glob@4.0.3 want: ^2.1.1
1659 silly placeDep ROOT set-function-name@2.0.2 OK for: iterator.prototype@1.1.5 want: ^2.0.2
1660 silly placeDep ROOT argparse@2.0.1 OK for: js-yaml@4.3.0 want: ^2.0.1
1661 silly placeDep ROOT json-buffer@3.0.1 OK for: keyv@4.5.4 want: 3.0.1
1662 silly placeDep ROOT language-subtag-registry@0.3.23 OK for: language-tags@1.0.9 want: ^0.3.20
1663 silly placeDep ROOT prelude-ls@1.2.1 OK for: levn@0.4.1 want: ^1.2.1
1664 silly placeDep ROOT type-check@0.4.0 OK for: levn@0.4.1 want: ~0.4.0
1665 silly placeDep ROOT p-locate@5.0.0 OK for: locate-path@6.0.0 want: ^5.0.0
1666 silly fetch manifest p-limit@^3.0.2
1667 silly packumentCache full:https://registry.npmjs.org/p-limit cache-miss
1668 http fetch GET 200 https://registry.npmjs.org/p-limit 97ms (cache miss)
1669 silly packumentCache full:https://registry.npmjs.org/p-limit set size:undefined disposed:false
1670 silly placeDep ROOT braces@3.0.3 OK for: micromatch@4.0.8 want: ^3.0.3
1671 silly placeDep ROOT picomatch@2.3.2 OK for: micromatch@4.0.8 want: ^2.3.1
1672 silly fetch manifest fill-range@^7.1.1
1673 silly packumentCache full:https://registry.npmjs.org/fill-range cache-miss
1674 http fetch GET 200 https://registry.npmjs.org/fill-range 66ms (cache miss)
1675 silly packumentCache full:https://registry.npmjs.org/fill-range set size:undefined disposed:false
1676 silly placeDep ROOT fill-range@7.1.1 OK for: braces@3.0.3 want: ^7.1.1
1677 silly fetch manifest to-regex-range@^5.0.1
1678 silly packumentCache full:https://registry.npmjs.org/to-regex-range cache-miss
1679 http fetch GET 200 https://registry.npmjs.org/to-regex-range 78ms (cache miss)
1680 silly packumentCache full:https://registry.npmjs.org/to-regex-range set size:undefined disposed:false
1681 silly placeDep ROOT to-regex-range@5.0.1 OK for: fill-range@7.1.1 want: ^5.0.1
1682 silly fetch manifest is-number@^7.0.0
1683 silly packumentCache full:https://registry.npmjs.org/is-number cache-miss
1684 http fetch GET 200 https://registry.npmjs.org/is-number 66ms (cache miss)
1685 silly packumentCache full:https://registry.npmjs.org/is-number set size:undefined disposed:false
1686 silly placeDep ROOT brace-expansion@1.1.18 OK for: minimatch@3.1.5 want: ^1.1.7
1687 silly fetch manifest concat-map@0.0.1
1688 silly packumentCache full:https://registry.npmjs.org/concat-map cache-miss
1689 silly fetch manifest balanced-match@^1.0.0
1690 silly packumentCache full:https://registry.npmjs.org/balanced-match cache-miss
1691 http fetch GET 200 https://registry.npmjs.org/concat-map 66ms (cache miss)
1692 silly packumentCache full:https://registry.npmjs.org/concat-map set size:undefined disposed:false
1693 http fetch GET 200 https://registry.npmjs.org/balanced-match 70ms (cache miss)
1694 silly packumentCache full:https://registry.npmjs.org/balanced-match set size:undefined disposed:false
1695 silly placeDep ROOT balanced-match@1.0.2 OK for: brace-expansion@1.1.18 want: ^1.0.0
1696 silly placeDep ROOT concat-map@0.0.1 OK for: brace-expansion@1.1.18 want: 0.0.1
1697 silly fetch manifest react@^18.2.0 || 19.0.0-rc-de68d2f4-20241204 || ^19.0.0
1698 silly packumentCache full:https://registry.npmjs.org/react cache-miss
1699 http cache https://registry.npmjs.org/react 39ms (cache hit)
1700 silly packumentCache full:https://registry.npmjs.org/react set size:6849402 disposed:false
1701 silly placeDep ROOT @next/env@15.5.22 OK for: next@15.5.22 want: 15.5.22
1702 silly placeDep ROOT @next/swc-darwin-arm64@15.5.22 OK for: next@15.5.22 want: 15.5.22
1703 silly placeDep ROOT @next/swc-darwin-x64@15.5.22 OK for: next@15.5.22 want: 15.5.22
1704 silly placeDep ROOT @next/swc-linux-arm64-gnu@15.5.22 OK for: next@15.5.22 want: 15.5.22
1705 silly placeDep ROOT @next/swc-linux-arm64-musl@15.5.22 OK for: next@15.5.22 want: 15.5.22
1706 silly placeDep ROOT @next/swc-linux-x64-gnu@15.5.22 OK for: next@15.5.22 want: 15.5.22
1707 silly placeDep ROOT @next/swc-linux-x64-musl@15.5.22 OK for: next@15.5.22 want: 15.5.22
1708 silly placeDep ROOT @next/swc-win32-arm64-msvc@15.5.22 OK for: next@15.5.22 want: 15.5.22
1709 silly placeDep ROOT @next/swc-win32-x64-msvc@15.5.22 OK for: next@15.5.22 want: 15.5.22
1710 silly placeDep ROOT @swc/helpers@0.5.15 OK for: next@15.5.22 want: 0.5.15
1711 silly placeDep ROOT caniuse-lite@1.0.30001806 OK for: next@15.5.22 want: ^1.0.30001579
1712 silly placeDep ROOT postcss@8.4.31 OK for: next@15.5.22 want: 8.4.31
1713 silly placeDep ROOT sharp@0.34.5 OK for: next@15.5.22 want: ^0.34.3
1714 silly placeDep ROOT styled-jsx@5.1.6 OK for: next@15.5.22 want: 5.1.6
1715 silly fetch manifest tslib@^2.8.0
1716 silly packumentCache full:https://registry.npmjs.org/tslib cache-miss
1717 silly fetch manifest nanoid@^3.3.6
1718 silly packumentCache full:https://registry.npmjs.org/nanoid cache-miss
1719 silly fetch manifest picocolors@^1.0.0
1720 silly packumentCache full:https://registry.npmjs.org/picocolors cache-miss
1721 http fetch GET 200 https://registry.npmjs.org/tslib 140ms (cache miss)
1722 silly packumentCache full:https://registry.npmjs.org/tslib set size:undefined disposed:false
1723 silly fetch manifest source-map-js@^1.0.2
1724 silly packumentCache full:https://registry.npmjs.org/source-map-js cache-miss
1725 http fetch GET 200 https://registry.npmjs.org/picocolors 149ms (cache miss)
1726 silly packumentCache full:https://registry.npmjs.org/picocolors set size:undefined disposed:false
1727 silly fetch manifest @img/colour@^1.0.0
1728 silly packumentCache full:https://registry.npmjs.org/@img%2fcolour cache-miss
1729 http fetch GET 200 https://registry.npmjs.org/nanoid 181ms (cache miss)
1730 silly packumentCache full:https://registry.npmjs.org/nanoid set size:undefined disposed:false
1731 silly fetch manifest detect-libc@^2.1.2
1732 silly packumentCache full:https://registry.npmjs.org/detect-libc cache-miss
1733 http fetch GET 200 https://registry.npmjs.org/source-map-js 76ms (cache miss)
1734 silly packumentCache full:https://registry.npmjs.org/source-map-js set size:undefined disposed:false
1735 silly fetch manifest @img/sharp-wasm32@0.34.5
1736 silly packumentCache full:https://registry.npmjs.org/@img%2fsharp-wasm32 cache-miss
1737 http fetch GET 200 https://registry.npmjs.org/detect-libc 75ms (cache miss)
1738 silly packumentCache full:https://registry.npmjs.org/detect-libc set size:undefined disposed:false
1739 silly fetch manifest @img/sharp-linux-arm@0.34.5
1740 silly packumentCache full:https://registry.npmjs.org/@img%2fsharp-linux-arm cache-miss
1741 http fetch GET 200 https://registry.npmjs.org/@img%2fsharp-linux-arm 105ms (cache miss)
1742 silly packumentCache full:https://registry.npmjs.org/@img%2fsharp-linux-arm set size:undefined disposed:false
1743 silly fetch manifest @img/sharp-linux-x64@0.34.5
1744 silly packumentCache full:https://registry.npmjs.org/@img%2fsharp-linux-x64 cache-miss
1745 http fetch GET 200 https://registry.npmjs.org/@img%2fsharp-wasm32 157ms (cache miss)
1746 silly packumentCache full:https://registry.npmjs.org/@img%2fsharp-wasm32 set size:undefined disposed:false
1747 silly fetch manifest @img/sharp-win32-x64@0.34.5
1748 silly packumentCache full:https://registry.npmjs.org/@img%2fsharp-win32-x64 cache-miss
1749 http fetch GET 200 https://registry.npmjs.org/@img%2fsharp-linux-x64 82ms (cache miss)
1750 silly packumentCache full:https://registry.npmjs.org/@img%2fsharp-linux-x64 set size:undefined disposed:false
1751 silly fetch manifest @img/sharp-darwin-x64@0.34.5
1752 silly packumentCache full:https://registry.npmjs.org/@img%2fsharp-darwin-x64 cache-miss
1753 http fetch GET 200 https://registry.npmjs.org/@img%2fsharp-win32-x64 107ms (cache miss)
1754 silly packumentCache full:https://registry.npmjs.org/@img%2fsharp-win32-x64 set size:undefined disposed:false
1755 silly fetch manifest @img/sharp-win32-ia32@0.34.5
1756 silly packumentCache full:https://registry.npmjs.org/@img%2fsharp-win32-ia32 cache-miss
1757 http fetch GET 200 https://registry.npmjs.org/@img%2fsharp-darwin-x64 75ms (cache miss)
1758 silly packumentCache full:https://registry.npmjs.org/@img%2fsharp-darwin-x64 set size:undefined disposed:false
1759 silly fetch manifest @img/sharp-linux-arm64@0.34.5
1760 silly packumentCache full:https://registry.npmjs.org/@img%2fsharp-linux-arm64 cache-miss
1761 http fetch GET 200 https://registry.npmjs.org/@img%2fsharp-win32-ia32 85ms (cache miss)
1762 silly packumentCache full:https://registry.npmjs.org/@img%2fsharp-win32-ia32 set size:undefined disposed:false
1763 silly fetch manifest @img/sharp-linux-ppc64@0.34.5
1764 silly packumentCache full:https://registry.npmjs.org/@img%2fsharp-linux-ppc64 cache-miss
1765 http fetch GET 200 https://registry.npmjs.org/@img%2fcolour 455ms (cache miss)
1766 silly packumentCache full:https://registry.npmjs.org/@img%2fcolour set size:undefined disposed:false
1767 silly fetch manifest @img/sharp-linux-s390x@0.34.5
1768 silly packumentCache full:https://registry.npmjs.org/@img%2fsharp-linux-s390x cache-miss
1769 http fetch GET 200 https://registry.npmjs.org/@img%2fsharp-linux-arm64 74ms (cache miss)
1770 silly packumentCache full:https://registry.npmjs.org/@img%2fsharp-linux-arm64 set size:undefined disposed:false
1771 silly fetch manifest @img/sharp-win32-arm64@0.34.5
1772 silly packumentCache full:https://registry.npmjs.org/@img%2fsharp-win32-arm64 cache-miss
1773 http fetch GET 200 https://registry.npmjs.org/@img%2fsharp-linux-s390x 90ms (cache miss)
1774 silly packumentCache full:https://registry.npmjs.org/@img%2fsharp-linux-s390x set size:undefined disposed:false
1775 silly fetch manifest @img/sharp-darwin-arm64@0.34.5
1776 silly packumentCache full:https://registry.npmjs.org/@img%2fsharp-darwin-arm64 cache-miss
1777 http fetch GET 200 https://registry.npmjs.org/@img%2fsharp-darwin-arm64 94ms (cache miss)
1778 silly packumentCache full:https://registry.npmjs.org/@img%2fsharp-darwin-arm64 set size:undefined disposed:false
1779 silly fetch manifest @img/sharp-linux-riscv64@0.34.5
1780 silly packumentCache full:https://registry.npmjs.org/@img%2fsharp-linux-riscv64 cache-miss
1781 http fetch GET 200 https://registry.npmjs.org/@img%2fsharp-linux-ppc64 542ms (cache miss)
1782 silly packumentCache full:https://registry.npmjs.org/@img%2fsharp-linux-ppc64 set size:undefined disposed:false
1783 silly fetch manifest @img/sharp-linuxmusl-x64@0.34.5
1784 silly packumentCache full:https://registry.npmjs.org/@img%2fsharp-linuxmusl-x64 cache-miss
1785 http fetch GET 200 https://registry.npmjs.org/@img%2fsharp-win32-arm64 517ms (cache miss)
1786 silly packumentCache full:https://registry.npmjs.org/@img%2fsharp-win32-arm64 set size:undefined disposed:false
1787 silly fetch manifest @img/sharp-linuxmusl-arm64@0.34.5
1788 silly packumentCache full:https://registry.npmjs.org/@img%2fsharp-linuxmusl-arm64 cache-miss
1789 http fetch GET 200 https://registry.npmjs.org/@img%2fsharp-linuxmusl-x64 84ms (cache miss)
1790 silly packumentCache full:https://registry.npmjs.org/@img%2fsharp-linuxmusl-x64 set size:undefined disposed:false
1791 silly fetch manifest @img/sharp-libvips-linux-arm@1.2.4
1792 silly packumentCache full:https://registry.npmjs.org/@img%2fsharp-libvips-linux-arm cache-miss
1793 http fetch GET 200 https://registry.npmjs.org/@img%2fsharp-linuxmusl-arm64 97ms (cache miss)
1794 silly packumentCache full:https://registry.npmjs.org/@img%2fsharp-linuxmusl-arm64 set size:undefined disposed:false
1795 silly fetch manifest @img/sharp-libvips-linux-x64@1.2.4
1796 silly packumentCache full:https://registry.npmjs.org/@img%2fsharp-libvips-linux-x64 cache-miss
1797 http fetch GET 200 https://registry.npmjs.org/@img%2fsharp-linux-riscv64 454ms (cache miss)
1798 silly packumentCache full:https://registry.npmjs.org/@img%2fsharp-linux-riscv64 set size:undefined disposed:false
1799 silly fetch manifest @img/sharp-libvips-darwin-x64@1.2.4
1800 silly packumentCache full:https://registry.npmjs.org/@img%2fsharp-libvips-darwin-x64 cache-miss
1801 http fetch GET 200 https://registry.npmjs.org/@img%2fsharp-libvips-linux-arm 71ms (cache miss)
1802 silly packumentCache full:https://registry.npmjs.org/@img%2fsharp-libvips-linux-arm set size:undefined disposed:false
1803 silly fetch manifest @img/sharp-libvips-linux-arm64@1.2.4
1804 silly packumentCache full:https://registry.npmjs.org/@img%2fsharp-libvips-linux-arm64 cache-miss
1805 http fetch GET 200 https://registry.npmjs.org/@img%2fsharp-libvips-darwin-x64 82ms (cache miss)
1806 silly packumentCache full:https://registry.npmjs.org/@img%2fsharp-libvips-darwin-x64 set size:undefined disposed:false
1807 silly fetch manifest @img/sharp-libvips-linux-ppc64@1.2.4
1808 silly packumentCache full:https://registry.npmjs.org/@img%2fsharp-libvips-linux-ppc64 cache-miss
1809 http fetch GET 200 https://registry.npmjs.org/@img%2fsharp-libvips-linux-x64 100ms (cache miss)
1810 silly packumentCache full:https://registry.npmjs.org/@img%2fsharp-libvips-linux-x64 set size:undefined disposed:false
1811 silly fetch manifest @img/sharp-libvips-linux-s390x@1.2.4
1812 silly packumentCache full:https://registry.npmjs.org/@img%2fsharp-libvips-linux-s390x cache-miss
1813 http fetch GET 200 https://registry.npmjs.org/@img%2fsharp-libvips-linux-arm64 85ms (cache miss)
1814 silly packumentCache full:https://registry.npmjs.org/@img%2fsharp-libvips-linux-arm64 set size:undefined disposed:false
1815 silly fetch manifest @img/sharp-libvips-darwin-arm64@1.2.4
1816 silly packumentCache full:https://registry.npmjs.org/@img%2fsharp-libvips-darwin-arm64 cache-miss
1817 http fetch GET 200 https://registry.npmjs.org/@img%2fsharp-libvips-linux-s390x 99ms (cache miss)
1818 silly packumentCache full:https://registry.npmjs.org/@img%2fsharp-libvips-linux-s390x set size:undefined disposed:false
1819 silly fetch manifest @img/sharp-libvips-linux-riscv64@1.2.4
1820 silly packumentCache full:https://registry.npmjs.org/@img%2fsharp-libvips-linux-riscv64 cache-miss
1821 http fetch GET 200 https://registry.npmjs.org/@img%2fsharp-libvips-linux-riscv64 245ms (cache miss)
1822 silly packumentCache full:https://registry.npmjs.org/@img%2fsharp-libvips-linux-riscv64 set size:undefined disposed:false
1823 silly fetch manifest @img/sharp-libvips-linuxmusl-x64@1.2.4
1824 silly packumentCache full:https://registry.npmjs.org/@img%2fsharp-libvips-linuxmusl-x64 cache-miss
1825 http fetch GET 200 https://registry.npmjs.org/@img%2fsharp-libvips-darwin-arm64 354ms (cache miss)
1826 silly packumentCache full:https://registry.npmjs.org/@img%2fsharp-libvips-darwin-arm64 set size:undefined disposed:false
1827 silly fetch manifest @img/sharp-libvips-linuxmusl-arm64@1.2.4
1828 silly packumentCache full:https://registry.npmjs.org/@img%2fsharp-libvips-linuxmusl-arm64 cache-miss
1829 http fetch GET 200 https://registry.npmjs.org/@img%2fsharp-libvips-linuxmusl-x64 127ms (cache miss)
1830 silly packumentCache full:https://registry.npmjs.org/@img%2fsharp-libvips-linuxmusl-x64 set size:undefined disposed:false
1831 silly fetch manifest client-only@0.0.1
1832 silly packumentCache full:https://registry.npmjs.org/client-only cache-miss
1833 http fetch GET 200 https://registry.npmjs.org/@img%2fsharp-libvips-linuxmusl-arm64 85ms (cache miss)
1834 silly packumentCache full:https://registry.npmjs.org/@img%2fsharp-libvips-linuxmusl-arm64 set size:undefined disposed:false
1835 http fetch GET 200 https://registry.npmjs.org/@img%2fsharp-libvips-linux-ppc64 502ms (cache miss)
1836 silly packumentCache full:https://registry.npmjs.org/@img%2fsharp-libvips-linux-ppc64 set size:undefined disposed:false
1837 http fetch GET 200 https://registry.npmjs.org/client-only 76ms (cache miss)
1838 silly packumentCache full:https://registry.npmjs.org/client-only set size:undefined disposed:false
1839 silly placeDep ROOT tslib@2.8.1 OK for: @swc/helpers@0.5.15 want: ^2.8.0
1840 silly placeDep ROOT deep-is@0.1.4 OK for: optionator@0.9.4 want: ^0.1.3
1841 silly placeDep ROOT fast-levenshtein@2.0.6 OK for: optionator@0.9.4 want: ^2.0.6
1842 silly placeDep ROOT word-wrap@1.2.5 OK for: optionator@0.9.4 want: ^1.2.5
1843 silly placeDep ROOT p-limit@3.1.0 OK for: p-locate@5.0.0 want: ^3.0.2
1844 silly fetch manifest yocto-queue@^0.1.0
1845 silly packumentCache full:https://registry.npmjs.org/yocto-queue cache-miss
1846 http fetch GET 200 https://registry.npmjs.org/yocto-queue 80ms (cache miss)
1847 silly packumentCache full:https://registry.npmjs.org/yocto-queue set size:undefined disposed:false
1848 silly placeDep ROOT yocto-queue@0.1.0 OK for: p-limit@3.1.0 want: ^0.1.0
1849 silly placeDep ROOT callsites@3.1.0 OK for: parent-module@1.0.1 want: ^3.0.0
1850 silly placeDep ROOT nanoid@3.3.16 OK for: postcss@8.4.31 want: ^3.3.6
1851 silly placeDep ROOT picocolors@1.1.1 OK for: postcss@8.4.31 want: ^1.0.0
1852 silly placeDep ROOT source-map-js@1.2.1 OK for: postcss@8.4.31 want: ^1.0.2
1853 silly placeDep ROOT @prisma/config@6.19.3 OK for: prisma@6.19.3 want: 6.19.3
1854 silly placeDep ROOT @prisma/engines@6.19.3 OK for: prisma@6.19.3 want: 6.19.3
1855 silly fetch manifest c12@3.1.0
1856 silly packumentCache full:https://registry.npmjs.org/c12 cache-miss
1857 silly fetch manifest effect@3.21.0
1858 silly packumentCache full:https://registry.npmjs.org/effect cache-miss
1859 silly fetch manifest empathic@2.0.0
1860 silly packumentCache full:https://registry.npmjs.org/empathic cache-miss
1861 http fetch GET 200 https://registry.npmjs.org/empathic 57ms (cache miss)
1862 silly packumentCache full:https://registry.npmjs.org/empathic set size:undefined disposed:false
1863 silly fetch manifest deepmerge-ts@7.1.5
1864 silly packumentCache full:https://registry.npmjs.org/deepmerge-ts cache-miss
1865 http fetch GET 200 https://registry.npmjs.org/c12 366ms (cache miss)
1866 silly packumentCache full:https://registry.npmjs.org/c12 set size:undefined disposed:false
1867 silly fetch manifest @prisma/debug@6.19.3
1868 silly packumentCache full:https://registry.npmjs.org/@prisma%2fdebug cache-miss
1869 http fetch GET 200 https://registry.npmjs.org/deepmerge-ts 344ms (cache miss)
1870 silly packumentCache full:https://registry.npmjs.org/deepmerge-ts set size:undefined disposed:false
1871 silly fetch manifest @prisma/fetch-engine@6.19.3
1872 silly packumentCache full:https://registry.npmjs.org/@prisma%2ffetch-engine cache-miss
1873 http fetch GET 200 https://registry.npmjs.org/effect 515ms (cache miss)
1874 silly packumentCache full:https://registry.npmjs.org/effect set size:undefined disposed:false
1875 silly fetch manifest @prisma/get-platform@6.19.3
1876 silly packumentCache full:https://registry.npmjs.org/@prisma%2fget-platform cache-miss
1877 http fetch GET 200 https://registry.npmjs.org/@prisma%2fdebug 1634ms (cache miss)
1878 silly packumentCache full:https://registry.npmjs.org/@prisma%2fdebug set size:undefined disposed:false
1879 silly fetch manifest @prisma/engines-version@7.1.1-3.c2990dca591cba766e3b7ef5d9e8a84796e47ab7
1880 silly packumentCache full:https://registry.npmjs.org/@prisma%2fengines-version cache-miss
1881 http fetch GET 200 https://registry.npmjs.org/@prisma%2fengines-version 1063ms (cache miss)
1882 silly packumentCache full:https://registry.npmjs.org/@prisma%2fengines-version set size:undefined disposed:false
1883 http fetch GET 200 https://registry.npmjs.org/@prisma%2ffetch-engine 3303ms (cache miss)
1884 silly packumentCache full:https://registry.npmjs.org/@prisma%2ffetch-engine set size:undefined disposed:false
1885 http fetch GET 200 https://registry.npmjs.org/@prisma%2fget-platform 4537ms (cache miss)
1886 silly packumentCache full:https://registry.npmjs.org/@prisma%2fget-platform set size:undefined disposed:false
1887 silly fetch manifest magicast@^0.3.5
1888 silly packumentCache full:https://registry.npmjs.org/magicast cache-miss
1889 http fetch GET 200 https://registry.npmjs.org/magicast 351ms (cache miss)
1890 silly packumentCache full:https://registry.npmjs.org/magicast set size:undefined disposed:false
1891 silly placeDep ROOT c12@3.1.0 OK for: @prisma/config@6.19.3 want: 3.1.0
1892 silly placeDep ROOT deepmerge-ts@7.1.5 OK for: @prisma/config@6.19.3 want: 7.1.5
1893 silly placeDep ROOT effect@3.21.0 OK for: @prisma/config@6.19.3 want: 3.21.0
1894 silly placeDep ROOT empathic@2.0.0 OK for: @prisma/config@6.19.3 want: 2.0.0
1895 silly fetch manifest rc9@^2.1.2
1896 silly packumentCache full:https://registry.npmjs.org/rc9 cache-miss
1897 silly fetch manifest defu@^6.1.4
1898 silly packumentCache full:https://registry.npmjs.org/defu cache-miss
1899 silly fetch manifest jiti@^2.4.2
1900 silly packumentCache full:https://registry.npmjs.org/jiti cache-miss
1901 http cache https://registry.npmjs.org/jiti 45ms (cache hit)
1902 silly packumentCache full:https://registry.npmjs.org/jiti set size:387989 disposed:false
1903 silly fetch manifest giget@^2.0.0
1904 silly packumentCache full:https://registry.npmjs.org/giget cache-miss
1905 http fetch GET 200 https://registry.npmjs.org/giget 117ms (cache miss)
1906 silly packumentCache full:https://registry.npmjs.org/giget set size:undefined disposed:false
1907 silly fetch manifest ohash@^2.0.11
1908 silly packumentCache full:https://registry.npmjs.org/ohash cache-miss
1909 http fetch GET 200 https://registry.npmjs.org/defu 329ms (cache miss)
1910 silly packumentCache full:https://registry.npmjs.org/defu set size:undefined disposed:false
1911 silly fetch manifest pathe@^2.0.3
1912 silly packumentCache full:https://registry.npmjs.org/pathe cache-miss
1913 http fetch GET 200 https://registry.npmjs.org/rc9 346ms (cache miss)
1914 silly packumentCache full:https://registry.npmjs.org/rc9 set size:undefined disposed:false
1915 silly fetch manifest dotenv@^16.6.1
1916 silly packumentCache full:https://registry.npmjs.org/dotenv cache-miss
1917 http fetch GET 200 https://registry.npmjs.org/pathe 66ms (cache miss)
1918 silly packumentCache full:https://registry.npmjs.org/pathe set size:undefined disposed:false
1919 silly fetch manifest confbox@^0.2.2
1920 silly packumentCache full:https://registry.npmjs.org/confbox cache-miss
1921 http fetch GET 200 https://registry.npmjs.org/dotenv 95ms (cache miss)
1922 silly packumentCache full:https://registry.npmjs.org/dotenv set size:undefined disposed:false
1923 silly fetch manifest exsolve@^1.0.7
1924 silly packumentCache full:https://registry.npmjs.org/exsolve cache-miss
1925 http fetch GET 200 https://registry.npmjs.org/ohash 370ms (cache miss)
1926 silly packumentCache full:https://registry.npmjs.org/ohash set size:undefined disposed:false
1927 silly fetch manifest chokidar@^4.0.3
1928 silly packumentCache full:https://registry.npmjs.org/chokidar cache-miss
1929 http fetch GET 200 https://registry.npmjs.org/exsolve 101ms (cache miss)
1930 silly packumentCache full:https://registry.npmjs.org/exsolve set size:undefined disposed:false
1931 silly fetch manifest pkg-types@^2.2.0
1932 silly packumentCache full:https://registry.npmjs.org/pkg-types cache-miss
1933 http fetch GET 200 https://registry.npmjs.org/chokidar 101ms (cache miss)
1934 silly packumentCache full:https://registry.npmjs.org/chokidar set size:undefined disposed:false
1935 silly fetch manifest perfect-debounce@^1.0.0
1936 silly packumentCache full:https://registry.npmjs.org/perfect-debounce cache-miss
1937 http fetch GET 200 https://registry.npmjs.org/confbox 330ms (cache miss)
1938 silly packumentCache full:https://registry.npmjs.org/confbox set size:undefined disposed:false
1939 silly fetch manifest fast-check@^3.23.1
1940 silly packumentCache full:https://registry.npmjs.org/fast-check cache-miss
1941 http fetch GET 200 https://registry.npmjs.org/perfect-debounce 81ms (cache miss)
1942 silly packumentCache full:https://registry.npmjs.org/perfect-debounce set size:undefined disposed:false
1943 silly fetch manifest @standard-schema/spec@^1.0.0
1944 silly packumentCache full:https://registry.npmjs.org/@standard-schema%2fspec cache-miss
1945 http fetch GET 200 https://registry.npmjs.org/@standard-schema%2fspec 82ms (cache miss)
1946 silly packumentCache full:https://registry.npmjs.org/@standard-schema%2fspec set size:undefined disposed:false
1947 http fetch GET 200 https://registry.npmjs.org/fast-check 146ms (cache miss)
1948 silly packumentCache full:https://registry.npmjs.org/fast-check set size:undefined disposed:false
1949 http fetch GET 200 https://registry.npmjs.org/pkg-types 361ms (cache miss)
1950 silly packumentCache full:https://registry.npmjs.org/pkg-types set size:undefined disposed:false
1951 silly placeDep ROOT @prisma/debug@6.19.3 OK for: @prisma/engines@6.19.3 want: 6.19.3
1952 silly placeDep ROOT @prisma/engines-version@7.1.1-3.c2990dca591cba766e3b7ef5d9e8a84796e47ab7 OK for: @prisma/engines@6.19.3 want: 7.1.1-3.c2990dca591cba766e3b7ef5d9e8a84796e47ab7
1953 silly placeDep ROOT @prisma/fetch-engine@6.19.3 OK for: @prisma/engines@6.19.3 want: 6.19.3
1954 silly placeDep ROOT @prisma/get-platform@6.19.3 OK for: @prisma/engines@6.19.3 want: 6.19.3
1955 silly placeDep ROOT chokidar@4.0.3 OK for: c12@3.1.0 want: ^4.0.3
1956 silly placeDep ROOT confbox@0.2.4 OK for: c12@3.1.0 want: ^0.2.2
1957 silly placeDep ROOT defu@6.1.7 OK for: c12@3.1.0 want: ^6.1.4
1958 silly placeDep ROOT dotenv@16.6.1 OK for: c12@3.1.0 want: ^16.6.1
1959 silly placeDep ROOT exsolve@1.1.1 OK for: c12@3.1.0 want: ^1.0.7
1960 silly placeDep ROOT giget@2.0.0 OK for: c12@3.1.0 want: ^2.0.0
1961 silly placeDep ROOT jiti@2.7.0 OK for: c12@3.1.0 want: ^2.4.2
1962 silly placeDep ROOT ohash@2.0.11 OK for: c12@3.1.0 want: ^2.0.11
1963 silly placeDep ROOT pathe@2.0.3 OK for: c12@3.1.0 want: ^2.0.3
1964 silly placeDep ROOT perfect-debounce@1.0.0 OK for: c12@3.1.0 want: ^1.0.0
1965 silly placeDep ROOT pkg-types@2.3.1 OK for: c12@3.1.0 want: ^2.2.0
1966 silly placeDep ROOT rc9@2.1.2 OK for: c12@3.1.0 want: ^2.1.2
1967 silly fetch manifest readdirp@^4.0.1
1968 silly packumentCache full:https://registry.npmjs.org/readdirp cache-miss
1969 silly fetch manifest nypm@^0.6.0
1970 silly packumentCache full:https://registry.npmjs.org/nypm cache-miss
1971 silly fetch manifest citty@^0.1.6
1972 silly packumentCache full:https://registry.npmjs.org/citty cache-miss
1973 http fetch GET 200 https://registry.npmjs.org/readdirp 91ms (cache miss)
1974 silly packumentCache full:https://registry.npmjs.org/readdirp set size:undefined disposed:false
1975 silly fetch manifest consola@^3.4.0
1976 silly packumentCache full:https://registry.npmjs.org/consola cache-miss
1977 http fetch GET 200 https://registry.npmjs.org/consola 91ms (cache miss)
1978 silly packumentCache full:https://registry.npmjs.org/consola set size:undefined disposed:false
1979 silly fetch manifest node-fetch-native@^1.6.6
1980 silly packumentCache full:https://registry.npmjs.org/node-fetch-native cache-miss
1981 http fetch GET 200 https://registry.npmjs.org/citty 321ms (cache miss)
1982 silly packumentCache full:https://registry.npmjs.org/citty set size:undefined disposed:false
1983 silly fetch manifest destr@^2.0.3
1984 silly packumentCache full:https://registry.npmjs.org/destr cache-miss
1985 http fetch GET 200 https://registry.npmjs.org/nypm 326ms (cache miss)
1986 silly packumentCache full:https://registry.npmjs.org/nypm set size:undefined disposed:false
1987 http fetch GET 200 https://registry.npmjs.org/node-fetch-native 323ms (cache miss)
1988 silly packumentCache full:https://registry.npmjs.org/node-fetch-native set size:undefined disposed:false
1989 http fetch GET 200 https://registry.npmjs.org/destr 329ms (cache miss)
1990 silly packumentCache full:https://registry.npmjs.org/destr set size:undefined disposed:false
1991 silly placeDep ROOT readdirp@4.1.2 OK for: chokidar@4.0.3 want: ^4.0.1
1992 silly placeDep ROOT @standard-schema/spec@1.1.0 OK for: effect@3.21.0 want: ^1.0.0
1993 silly placeDep ROOT fast-check@3.23.2 OK for: effect@3.21.0 want: ^3.23.1
1994 silly fetch manifest pure-rand@^6.1.0
1995 silly packumentCache full:https://registry.npmjs.org/pure-rand cache-miss
1996 http fetch GET 200 https://registry.npmjs.org/pure-rand 90ms (cache miss)
1997 silly packumentCache full:https://registry.npmjs.org/pure-rand set size:undefined disposed:false
1998 silly placeDep ROOT pure-rand@6.1.0 OK for: fast-check@3.23.2 want: ^6.1.0
1999 silly placeDep ROOT citty@0.1.6 OK for: giget@2.0.0 want: ^0.1.6
2000 silly placeDep ROOT consola@3.4.2 OK for: giget@2.0.0 want: ^3.4.0
2001 silly placeDep ROOT node-fetch-native@1.6.7 OK for: giget@2.0.0 want: ^1.6.6
2002 silly placeDep ROOT nypm@0.6.9 OK for: giget@2.0.0 want: ^0.6.0
2003 silly fetch manifest consola@^3.2.3
2004 silly packumentCache full:https://registry.npmjs.org/consola cache-miss
2005 silly fetch manifest citty@^0.2.2
2006 silly packumentCache full:https://registry.npmjs.org/citty cache-miss
2007 silly fetch manifest tinyexec@^1.2.4
2008 silly packumentCache full:https://registry.npmjs.org/tinyexec cache-miss
2009 http cache https://registry.npmjs.org/citty 21ms (cache hit)
2010 silly packumentCache full:https://registry.npmjs.org/citty set size:38582 disposed:false
2011 http cache https://registry.npmjs.org/consola 31ms (cache hit)
2012 silly packumentCache full:https://registry.npmjs.org/consola set size:324648 disposed:false
2013 http fetch GET 200 https://registry.npmjs.org/tinyexec 102ms (cache miss)
2014 silly packumentCache full:https://registry.npmjs.org/tinyexec set size:undefined disposed:false
2015 silly placeDep node_modules/nypm citty@0.2.2 OK for: nypm@0.6.9 want: ^0.2.2
2016 silly placeDep ROOT tinyexec@1.2.4 OK for: nypm@0.6.9 want: ^1.2.4
2017 silly placeDep ROOT loose-envify@1.4.0 OK for: prop-types@15.8.1 want: ^1.4.0
2018 silly placeDep ROOT object-assign@4.1.1 OK for: prop-types@15.8.1 want: ^4.1.1
2019 silly placeDep ROOT react-is@16.13.1 OK for: prop-types@15.8.1 want: ^16.13.1
2020 silly fetch manifest js-tokens@^3.0.0 || ^4.0.0
2021 silly packumentCache full:https://registry.npmjs.org/js-tokens cache-miss
2022 http fetch GET 200 https://registry.npmjs.org/js-tokens 323ms (cache miss)
2023 silly packumentCache full:https://registry.npmjs.org/js-tokens set size:undefined disposed:false
2024 silly placeDep ROOT js-tokens@4.0.0 OK for: loose-envify@1.4.0 want: ^3.0.0 || ^4.0.0
2025 silly placeDep ROOT destr@2.0.5 OK for: rc9@2.1.2 want: ^2.0.3
2026 silly placeDep ROOT scheduler@0.27.0 OK for: react-dom@19.2.8 want: ^0.27.0
2027 silly placeDep ROOT node-exports-info@1.6.2 OK for: resolve@2.0.0-next.7 want: ^1.6.0
2028 silly placeDep ROOT path-parse@1.0.7 OK for: resolve@2.0.0-next.7 want: ^1.0.7
2029 silly placeDep ROOT supports-preserve-symlinks-flag@1.0.0 OK for: resolve@2.0.0-next.7 want: ^1.0.0
2030 silly placeDep node_modules/node-exports-info semver@6.3.1 OK for: node-exports-info@1.6.2 want: ^6.3.1
2031 silly placeDep ROOT queue-microtask@1.2.3 OK for: run-parallel@1.2.0 want: ^1.2.2
2032 silly placeDep ROOT isarray@2.0.5 OK for: safe-array-concat@1.1.4 want: ^2.0.5
2033 silly placeDep ROOT @img/colour@1.1.0 OK for: sharp@0.34.5 want: ^1.0.0
2034 silly placeDep ROOT @img/sharp-darwin-arm64@0.34.5 OK for: sharp@0.34.5 want: 0.34.5
2035 silly placeDep ROOT @img/sharp-darwin-x64@0.34.5 OK for: sharp@0.34.5 want: 0.34.5
2036 silly placeDep ROOT @img/sharp-libvips-darwin-arm64@1.2.4 OK for: sharp@0.34.5 want: 1.2.4
2037 silly placeDep ROOT @img/sharp-libvips-darwin-x64@1.2.4 OK for: sharp@0.34.5 want: 1.2.4
2038 silly placeDep ROOT @img/sharp-libvips-linux-arm@1.2.4 OK for: sharp@0.34.5 want: 1.2.4
2039 silly placeDep ROOT @img/sharp-libvips-linux-arm64@1.2.4 OK for: sharp@0.34.5 want: 1.2.4
2040 silly placeDep ROOT @img/sharp-libvips-linux-ppc64@1.2.4 OK for: sharp@0.34.5 want: 1.2.4
2041 silly placeDep ROOT @img/sharp-libvips-linux-riscv64@1.2.4 OK for: sharp@0.34.5 want: 1.2.4
2042 silly placeDep ROOT @img/sharp-libvips-linux-s390x@1.2.4 OK for: sharp@0.34.5 want: 1.2.4
2043 silly placeDep ROOT @img/sharp-libvips-linux-x64@1.2.4 OK for: sharp@0.34.5 want: 1.2.4
2044 silly placeDep ROOT @img/sharp-libvips-linuxmusl-arm64@1.2.4 OK for: sharp@0.34.5 want: 1.2.4
2045 silly placeDep ROOT @img/sharp-libvips-linuxmusl-x64@1.2.4 OK for: sharp@0.34.5 want: 1.2.4
2046 silly placeDep ROOT @img/sharp-linux-arm@0.34.5 OK for: sharp@0.34.5 want: 0.34.5
2047 silly placeDep ROOT @img/sharp-linux-arm64@0.34.5 OK for: sharp@0.34.5 want: 0.34.5
2048 silly placeDep ROOT @img/sharp-linux-ppc64@0.34.5 OK for: sharp@0.34.5 want: 0.34.5
2049 silly placeDep ROOT @img/sharp-linux-riscv64@0.34.5 OK for: sharp@0.34.5 want: 0.34.5
2050 silly placeDep ROOT @img/sharp-linux-s390x@0.34.5 OK for: sharp@0.34.5 want: 0.34.5
2051 silly placeDep ROOT @img/sharp-linux-x64@0.34.5 OK for: sharp@0.34.5 want: 0.34.5
2052 silly placeDep ROOT @img/sharp-linuxmusl-arm64@0.34.5 OK for: sharp@0.34.5 want: 0.34.5
2053 silly placeDep ROOT @img/sharp-linuxmusl-x64@0.34.5 OK for: sharp@0.34.5 want: 0.34.5
2054 silly placeDep ROOT @img/sharp-wasm32@0.34.5 OK for: sharp@0.34.5 want: 0.34.5
2055 silly placeDep ROOT @img/sharp-win32-arm64@0.34.5 OK for: sharp@0.34.5 want: 0.34.5
2056 silly placeDep ROOT @img/sharp-win32-ia32@0.34.5 OK for: sharp@0.34.5 want: 0.34.5
2057 silly placeDep ROOT @img/sharp-win32-x64@0.34.5 OK for: sharp@0.34.5 want: 0.34.5
2058 silly placeDep ROOT detect-libc@2.1.2 OK for: sharp@0.34.5 want: ^2.1.2
2059 silly fetch manifest @emnapi/runtime@^1.7.0
2060 silly packumentCache full:https://registry.npmjs.org/@emnapi%2fruntime cache-miss
2061 http fetch GET 200 https://registry.npmjs.org/@emnapi%2fruntime 108ms (cache miss)
2062 silly packumentCache full:https://registry.npmjs.org/@emnapi%2fruntime set size:undefined disposed:false
2063 silly placeDep ROOT @emnapi/runtime@1.11.3 OK for: @img/sharp-wasm32@0.34.5 want: ^1.7.0
2064 silly placeDep ROOT shebang-regex@3.0.0 OK for: shebang-command@2.0.0 want: ^3.0.0
2065 silly placeDep ROOT side-channel-list@1.0.1 OK for: side-channel@1.1.1 want: ^1.0.1
2066 silly placeDep ROOT side-channel-map@1.0.1 OK for: side-channel@1.1.1 want: ^1.0.1
2067 silly placeDep ROOT side-channel-weakmap@1.0.2 OK for: side-channel@1.1.1 want: ^1.0.2
2068 silly placeDep ROOT client-only@0.0.1 OK for: styled-jsx@5.1.6 want: 0.0.1
2069 silly placeDep ROOT has-flag@4.0.0 OK for: supports-color@7.2.0 want: ^4.0.0
2070 silly placeDep node_modules/tinyglobby fdir@6.5.0 OK for: tinyglobby@0.2.17 want: ^6.5.0
2071 silly placeDep node_modules/tinyglobby picomatch@4.0.5 OK for: fdir@6.5.0 want: ^3 || ^4
2072 silly placeDep ROOT is-number@7.0.0 OK for: to-regex-range@5.0.1 want: ^7.0.0
2073 silly placeDep ROOT @types/json5@0.0.29 OK for: tsconfig-paths@3.15.0 want: ^0.0.29
2074 silly placeDep ROOT json5@1.0.2 OK for: tsconfig-paths@3.15.0 want: ^1.0.2
2075 silly placeDep ROOT minimist@1.2.8 OK for: tsconfig-paths@3.15.0 want: ^1.2.6
2076 silly placeDep ROOT strip-bom@3.0.0 OK for: tsconfig-paths@3.15.0 want: ^3.0.0
2077 silly fetch manifest minimist@^1.2.0
2078 silly packumentCache full:https://registry.npmjs.org/minimist cache-miss
2079 http cache https://registry.npmjs.org/minimist 47ms (cache hit)
2080 silly packumentCache full:https://registry.npmjs.org/minimist set size:77063 disposed:false
2081 silly placeDep ROOT esbuild@0.28.1 OK for: tsx@4.23.1 want: ~0.28.0
2082 silly placeDep ROOT fsevents@2.3.3 OK for: tsx@4.23.1 want: ~2.3.3
2083 silly fetch manifest @esbuild/aix-ppc64@0.28.1
2084 silly packumentCache full:https://registry.npmjs.org/@esbuild%2faix-ppc64 cache-miss
2085 silly fetch manifest @esbuild/android-arm@0.28.1
2086 silly packumentCache full:https://registry.npmjs.org/@esbuild%2fandroid-arm cache-miss
2087 silly fetch manifest @esbuild/android-arm64@0.28.1
2088 silly packumentCache full:https://registry.npmjs.org/@esbuild%2fandroid-arm64 cache-miss
2089 http fetch GET 200 https://registry.npmjs.org/@esbuild%2fandroid-arm 123ms (cache miss)
2090 silly packumentCache full:https://registry.npmjs.org/@esbuild%2fandroid-arm set size:undefined disposed:false
2091 silly fetch manifest @esbuild/android-x64@0.28.1
2092 silly packumentCache full:https://registry.npmjs.org/@esbuild%2fandroid-x64 cache-miss
2093 http fetch GET 200 https://registry.npmjs.org/@esbuild%2fandroid-arm64 129ms (cache miss)
2094 silly packumentCache full:https://registry.npmjs.org/@esbuild%2fandroid-arm64 set size:undefined disposed:false
2095 silly fetch manifest @esbuild/darwin-arm64@0.28.1
2096 silly packumentCache full:https://registry.npmjs.org/@esbuild%2fdarwin-arm64 cache-miss
2097 http fetch GET 200 https://registry.npmjs.org/@esbuild%2faix-ppc64 138ms (cache miss)
2098 silly packumentCache full:https://registry.npmjs.org/@esbuild%2faix-ppc64 set size:undefined disposed:false
2099 silly fetch manifest @esbuild/darwin-x64@0.28.1
2100 silly packumentCache full:https://registry.npmjs.org/@esbuild%2fdarwin-x64 cache-miss
2101 http fetch GET 200 https://registry.npmjs.org/@esbuild%2fdarwin-x64 93ms (cache miss)
2102 silly packumentCache full:https://registry.npmjs.org/@esbuild%2fdarwin-x64 set size:undefined disposed:false
2103 silly fetch manifest @esbuild/freebsd-arm64@0.28.1
2104 silly packumentCache full:https://registry.npmjs.org/@esbuild%2ffreebsd-arm64 cache-miss
2105 http fetch GET 200 https://registry.npmjs.org/@esbuild%2fandroid-x64 114ms (cache miss)
2106 silly packumentCache full:https://registry.npmjs.org/@esbuild%2fandroid-x64 set size:undefined disposed:false
2107 silly fetch manifest @esbuild/freebsd-x64@0.28.1
2108 silly packumentCache full:https://registry.npmjs.org/@esbuild%2ffreebsd-x64 cache-miss
2109 http fetch GET 200 https://registry.npmjs.org/@esbuild%2fdarwin-arm64 116ms (cache miss)
2110 silly packumentCache full:https://registry.npmjs.org/@esbuild%2fdarwin-arm64 set size:undefined disposed:false
2111 silly fetch manifest @esbuild/linux-arm@0.28.1
2112 silly packumentCache full:https://registry.npmjs.org/@esbuild%2flinux-arm cache-miss
2113 http fetch GET 200 https://registry.npmjs.org/@esbuild%2ffreebsd-arm64 120ms (cache miss)
2114 silly packumentCache full:https://registry.npmjs.org/@esbuild%2ffreebsd-arm64 set size:undefined disposed:false
2115 silly fetch manifest @esbuild/linux-arm64@0.28.1
2116 silly packumentCache full:https://registry.npmjs.org/@esbuild%2flinux-arm64 cache-miss
2117 http fetch GET 200 https://registry.npmjs.org/@esbuild%2ffreebsd-x64 144ms (cache miss)
2118 silly packumentCache full:https://registry.npmjs.org/@esbuild%2ffreebsd-x64 set size:undefined disposed:false
2119 silly fetch manifest @esbuild/linux-ia32@0.28.1
2120 silly packumentCache full:https://registry.npmjs.org/@esbuild%2flinux-ia32 cache-miss
2121 http fetch GET 200 https://registry.npmjs.org/@esbuild%2flinux-arm 141ms (cache miss)
2122 silly packumentCache full:https://registry.npmjs.org/@esbuild%2flinux-arm set size:undefined disposed:false
2123 silly fetch manifest @esbuild/linux-loong64@0.28.1
2124 silly packumentCache full:https://registry.npmjs.org/@esbuild%2flinux-loong64 cache-miss
2125 http fetch GET 200 https://registry.npmjs.org/@esbuild%2flinux-arm64 123ms (cache miss)
2126 silly packumentCache full:https://registry.npmjs.org/@esbuild%2flinux-arm64 set size:undefined disposed:false
2127 silly fetch manifest @esbuild/linux-mips64el@0.28.1
2128 silly packumentCache full:https://registry.npmjs.org/@esbuild%2flinux-mips64el cache-miss
2129 http fetch GET 200 https://registry.npmjs.org/@esbuild%2flinux-ia32 110ms (cache miss)
2130 silly packumentCache full:https://registry.npmjs.org/@esbuild%2flinux-ia32 set size:undefined disposed:false
2131 silly fetch manifest @esbuild/linux-ppc64@0.28.1
2132 silly packumentCache full:https://registry.npmjs.org/@esbuild%2flinux-ppc64 cache-miss
2133 http fetch GET 200 https://registry.npmjs.org/@esbuild%2flinux-loong64 107ms (cache miss)
2134 silly packumentCache full:https://registry.npmjs.org/@esbuild%2flinux-loong64 set size:undefined disposed:false
2135 silly fetch manifest @esbuild/linux-riscv64@0.28.1
2136 silly packumentCache full:https://registry.npmjs.org/@esbuild%2flinux-riscv64 cache-miss
2137 http fetch GET 200 https://registry.npmjs.org/@esbuild%2flinux-mips64el 87ms (cache miss)
2138 silly packumentCache full:https://registry.npmjs.org/@esbuild%2flinux-mips64el set size:undefined disposed:false
2139 silly fetch manifest @esbuild/linux-s390x@0.28.1
2140 silly packumentCache full:https://registry.npmjs.org/@esbuild%2flinux-s390x cache-miss
2141 http fetch GET 200 https://registry.npmjs.org/@esbuild%2flinux-riscv64 101ms (cache miss)
2142 silly packumentCache full:https://registry.npmjs.org/@esbuild%2flinux-riscv64 set size:undefined disposed:false
2143 silly fetch manifest @esbuild/linux-x64@0.28.1
2144 silly packumentCache full:https://registry.npmjs.org/@esbuild%2flinux-x64 cache-miss
2145 http fetch GET 200 https://registry.npmjs.org/@esbuild%2flinux-ppc64 161ms (cache miss)
2146 silly packumentCache full:https://registry.npmjs.org/@esbuild%2flinux-ppc64 set size:undefined disposed:false
2147 silly fetch manifest @esbuild/netbsd-arm64@0.28.1
2148 silly packumentCache full:https://registry.npmjs.org/@esbuild%2fnetbsd-arm64 cache-miss
2149 http fetch GET 200 https://registry.npmjs.org/@esbuild%2flinux-s390x 99ms (cache miss)
2150 silly packumentCache full:https://registry.npmjs.org/@esbuild%2flinux-s390x set size:undefined disposed:false
2151 silly fetch manifest @esbuild/netbsd-x64@0.28.1
2152 silly packumentCache full:https://registry.npmjs.org/@esbuild%2fnetbsd-x64 cache-miss
2153 http fetch GET 200 https://registry.npmjs.org/@esbuild%2flinux-x64 96ms (cache miss)
2154 silly packumentCache full:https://registry.npmjs.org/@esbuild%2flinux-x64 set size:undefined disposed:false
2155 silly fetch manifest @esbuild/openbsd-arm64@0.28.1
2156 silly packumentCache full:https://registry.npmjs.org/@esbuild%2fopenbsd-arm64 cache-miss
2157 http fetch GET 200 https://registry.npmjs.org/@esbuild%2fnetbsd-arm64 101ms (cache miss)
2158 silly packumentCache full:https://registry.npmjs.org/@esbuild%2fnetbsd-arm64 set size:undefined disposed:false
2159 silly fetch manifest @esbuild/openbsd-x64@0.28.1
2160 silly packumentCache full:https://registry.npmjs.org/@esbuild%2fopenbsd-x64 cache-miss
2161 http fetch GET 200 https://registry.npmjs.org/@esbuild%2fnetbsd-x64 111ms (cache miss)
2162 silly packumentCache full:https://registry.npmjs.org/@esbuild%2fnetbsd-x64 set size:undefined disposed:false
2163 silly fetch manifest @esbuild/openharmony-arm64@0.28.1
2164 silly packumentCache full:https://registry.npmjs.org/@esbuild%2fopenharmony-arm64 cache-miss
2165 http fetch GET 200 https://registry.npmjs.org/@esbuild%2fopenbsd-arm64 116ms (cache miss)
2166 silly packumentCache full:https://registry.npmjs.org/@esbuild%2fopenbsd-arm64 set size:undefined disposed:false
2167 silly fetch manifest @esbuild/sunos-x64@0.28.1
2168 silly packumentCache full:https://registry.npmjs.org/@esbuild%2fsunos-x64 cache-miss
2169 http fetch GET 200 https://registry.npmjs.org/@esbuild%2fopenharmony-arm64 120ms (cache miss)
2170 silly packumentCache full:https://registry.npmjs.org/@esbuild%2fopenharmony-arm64 set size:undefined disposed:false
2171 silly fetch manifest @esbuild/win32-arm64@0.28.1
2172 silly packumentCache full:https://registry.npmjs.org/@esbuild%2fwin32-arm64 cache-miss
2173 http fetch GET 200 https://registry.npmjs.org/@esbuild%2fopenbsd-x64 153ms (cache miss)
2174 silly packumentCache full:https://registry.npmjs.org/@esbuild%2fopenbsd-x64 set size:undefined disposed:false
2175 silly fetch manifest @esbuild/win32-ia32@0.28.1
2176 silly packumentCache full:https://registry.npmjs.org/@esbuild%2fwin32-ia32 cache-miss
2177 http fetch GET 200 https://registry.npmjs.org/@esbuild%2fsunos-x64 117ms (cache miss)
2178 silly packumentCache full:https://registry.npmjs.org/@esbuild%2fsunos-x64 set size:undefined disposed:false
2179 silly fetch manifest @esbuild/win32-x64@0.28.1
2180 silly packumentCache full:https://registry.npmjs.org/@esbuild%2fwin32-x64 cache-miss
2181 http fetch GET 200 https://registry.npmjs.org/@esbuild%2fwin32-arm64 127ms (cache miss)
2182 silly packumentCache full:https://registry.npmjs.org/@esbuild%2fwin32-arm64 set size:undefined disposed:false
2183 http fetch GET 200 https://registry.npmjs.org/@esbuild%2fwin32-ia32 123ms (cache miss)
2184 silly packumentCache full:https://registry.npmjs.org/@esbuild%2fwin32-ia32 set size:undefined disposed:false
2185 http fetch GET 200 https://registry.npmjs.org/@esbuild%2fwin32-x64 100ms (cache miss)
2186 silly packumentCache full:https://registry.npmjs.org/@esbuild%2fwin32-x64 set size:undefined disposed:false
2187 silly placeDep ROOT @esbuild/aix-ppc64@0.28.1 OK for: esbuild@0.28.1 want: 0.28.1
2188 silly placeDep ROOT @esbuild/android-arm@0.28.1 OK for: esbuild@0.28.1 want: 0.28.1
2189 silly placeDep ROOT @esbuild/android-arm64@0.28.1 OK for: esbuild@0.28.1 want: 0.28.1
2190 silly placeDep ROOT @esbuild/android-x64@0.28.1 OK for: esbuild@0.28.1 want: 0.28.1
2191 silly placeDep ROOT @esbuild/darwin-arm64@0.28.1 OK for: esbuild@0.28.1 want: 0.28.1
2192 silly placeDep ROOT @esbuild/darwin-x64@0.28.1 OK for: esbuild@0.28.1 want: 0.28.1
2193 silly placeDep ROOT @esbuild/freebsd-arm64@0.28.1 OK for: esbuild@0.28.1 want: 0.28.1
2194 silly placeDep ROOT @esbuild/freebsd-x64@0.28.1 OK for: esbuild@0.28.1 want: 0.28.1
2195 silly placeDep ROOT @esbuild/linux-arm@0.28.1 OK for: esbuild@0.28.1 want: 0.28.1
2196 silly placeDep ROOT @esbuild/linux-arm64@0.28.1 OK for: esbuild@0.28.1 want: 0.28.1
2197 silly placeDep ROOT @esbuild/linux-ia32@0.28.1 OK for: esbuild@0.28.1 want: 0.28.1
2198 silly placeDep ROOT @esbuild/linux-loong64@0.28.1 OK for: esbuild@0.28.1 want: 0.28.1
2199 silly placeDep ROOT @esbuild/linux-mips64el@0.28.1 OK for: esbuild@0.28.1 want: 0.28.1
2200 silly placeDep ROOT @esbuild/linux-ppc64@0.28.1 OK for: esbuild@0.28.1 want: 0.28.1
2201 silly placeDep ROOT @esbuild/linux-riscv64@0.28.1 OK for: esbuild@0.28.1 want: 0.28.1
2202 silly placeDep ROOT @esbuild/linux-s390x@0.28.1 OK for: esbuild@0.28.1 want: 0.28.1
2203 silly placeDep ROOT @esbuild/linux-x64@0.28.1 OK for: esbuild@0.28.1 want: 0.28.1
2204 silly placeDep ROOT @esbuild/netbsd-arm64@0.28.1 OK for: esbuild@0.28.1 want: 0.28.1
2205 silly placeDep ROOT @esbuild/netbsd-x64@0.28.1 OK for: esbuild@0.28.1 want: 0.28.1
2206 silly placeDep ROOT @esbuild/openbsd-arm64@0.28.1 OK for: esbuild@0.28.1 want: 0.28.1
2207 silly placeDep ROOT @esbuild/openbsd-x64@0.28.1 OK for: esbuild@0.28.1 want: 0.28.1
2208 silly placeDep ROOT @esbuild/openharmony-arm64@0.28.1 OK for: esbuild@0.28.1 want: 0.28.1
2209 silly placeDep ROOT @esbuild/sunos-x64@0.28.1 OK for: esbuild@0.28.1 want: 0.28.1
2210 silly placeDep ROOT @esbuild/win32-arm64@0.28.1 OK for: esbuild@0.28.1 want: 0.28.1
2211 silly placeDep ROOT @esbuild/win32-ia32@0.28.1 OK for: esbuild@0.28.1 want: 0.28.1
2212 silly placeDep ROOT @esbuild/win32-x64@0.28.1 OK for: esbuild@0.28.1 want: 0.28.1
2213 silly placeDep ROOT for-each@0.3.5 OK for: typed-array-byte-length@1.0.3 want: ^0.3.3
2214 silly placeDep ROOT reflect.getprototypeof@1.0.10 OK for: typed-array-byte-offset@1.0.4 want: ^1.0.9
2215 silly fetch manifest which-builtin-type@^1.2.1
2216 silly packumentCache full:https://registry.npmjs.org/which-builtin-type cache-miss
2217 http fetch GET 200 https://registry.npmjs.org/which-builtin-type 308ms (cache miss)
2218 silly packumentCache full:https://registry.npmjs.org/which-builtin-type set size:undefined disposed:false
2219 silly placeDep ROOT which-builtin-type@1.2.1 OK for: reflect.getprototypeof@1.0.10 want: ^1.2.1
2220 silly fetch manifest is-async-function@^2.0.0
2221 silly packumentCache full:https://registry.npmjs.org/is-async-function cache-miss
2222 silly fetch manifest is-finalizationregistry@^1.1.0
2223 silly packumentCache full:https://registry.npmjs.org/is-finalizationregistry cache-miss
2224 silly fetch manifest is-generator-function@^1.0.10
2225 silly packumentCache full:https://registry.npmjs.org/is-generator-function cache-miss
2226 http fetch GET 200 https://registry.npmjs.org/is-generator-function 79ms (cache miss)
2227 silly packumentCache full:https://registry.npmjs.org/is-generator-function set size:undefined disposed:false
2228 silly fetch manifest which-boxed-primitive@^1.1.0
2229 silly packumentCache full:https://registry.npmjs.org/which-boxed-primitive cache-miss
2230 http fetch GET 200 https://registry.npmjs.org/is-finalizationregistry 85ms (cache miss)
2231 silly packumentCache full:https://registry.npmjs.org/is-finalizationregistry set size:undefined disposed:false
2232 silly fetch manifest which-collection@^1.0.2
2233 silly packumentCache full:https://registry.npmjs.org/which-collection cache-miss
2234 http cache https://registry.npmjs.org/which-boxed-primitive 19ms (cache hit)
2235 silly packumentCache full:https://registry.npmjs.org/which-boxed-primitive set size:19407 disposed:false
2236 http fetch GET 200 https://registry.npmjs.org/which-collection 59ms (cache miss)
2237 silly packumentCache full:https://registry.npmjs.org/which-collection set size:undefined disposed:false
2238 http fetch GET 200 https://registry.npmjs.org/is-async-function 324ms (cache miss)
2239 silly packumentCache full:https://registry.npmjs.org/is-async-function set size:undefined disposed:false
2240 silly placeDep ROOT has-bigints@1.1.0 OK for: unbox-primitive@1.1.0 want: ^1.0.2
2241 silly placeDep ROOT which-boxed-primitive@1.1.1 OK for: unbox-primitive@1.1.0 want: ^1.1.1
2242 silly fetch manifest is-bigint@^1.1.0
2243 silly packumentCache full:https://registry.npmjs.org/is-bigint cache-miss
2244 silly fetch manifest is-boolean-object@^1.2.1
2245 silly packumentCache full:https://registry.npmjs.org/is-boolean-object cache-miss
2246 silly fetch manifest is-number-object@^1.1.1
2247 silly packumentCache full:https://registry.npmjs.org/is-number-object cache-miss
2248 http fetch GET 200 https://registry.npmjs.org/is-bigint 87ms (cache miss)
2249 silly packumentCache full:https://registry.npmjs.org/is-bigint set size:undefined disposed:false
2250 http fetch GET 200 https://registry.npmjs.org/is-number-object 88ms (cache miss)
2251 silly packumentCache full:https://registry.npmjs.org/is-number-object set size:undefined disposed:false
2252 http fetch GET 200 https://registry.npmjs.org/is-boolean-object 340ms (cache miss)
2253 silly packumentCache full:https://registry.npmjs.org/is-boolean-object set size:undefined disposed:false
2254 silly placeDep ROOT @unrs/resolver-binding-android-arm-eabi@1.12.2 OK for: unrs-resolver@1.12.2 want: 1.12.2
2255 silly placeDep ROOT @unrs/resolver-binding-android-arm64@1.12.2 OK for: unrs-resolver@1.12.2 want: 1.12.2
2256 silly placeDep ROOT @unrs/resolver-binding-darwin-arm64@1.12.2 OK for: unrs-resolver@1.12.2 want: 1.12.2
2257 silly placeDep ROOT @unrs/resolver-binding-darwin-x64@1.12.2 OK for: unrs-resolver@1.12.2 want: 1.12.2
2258 silly placeDep ROOT @unrs/resolver-binding-freebsd-x64@1.12.2 OK for: unrs-resolver@1.12.2 want: 1.12.2
2259 silly placeDep ROOT @unrs/resolver-binding-linux-arm-gnueabihf@1.12.2 OK for: unrs-resolver@1.12.2 want: 1.12.2
2260 silly placeDep ROOT @unrs/resolver-binding-linux-arm-musleabihf@1.12.2 OK for: unrs-resolver@1.12.2 want: 1.12.2
2261 silly placeDep ROOT @unrs/resolver-binding-linux-arm64-gnu@1.12.2 OK for: unrs-resolver@1.12.2 want: 1.12.2
2262 silly placeDep ROOT @unrs/resolver-binding-linux-arm64-musl@1.12.2 OK for: unrs-resolver@1.12.2 want: 1.12.2
2263 silly placeDep ROOT @unrs/resolver-binding-linux-loong64-gnu@1.12.2 OK for: unrs-resolver@1.12.2 want: 1.12.2
2264 silly placeDep ROOT @unrs/resolver-binding-linux-loong64-musl@1.12.2 OK for: unrs-resolver@1.12.2 want: 1.12.2
2265 silly placeDep ROOT @unrs/resolver-binding-linux-ppc64-gnu@1.12.2 OK for: unrs-resolver@1.12.2 want: 1.12.2
2266 silly placeDep ROOT @unrs/resolver-binding-linux-riscv64-gnu@1.12.2 OK for: unrs-resolver@1.12.2 want: 1.12.2
2267 silly placeDep ROOT @unrs/resolver-binding-linux-riscv64-musl@1.12.2 OK for: unrs-resolver@1.12.2 want: 1.12.2
2268 silly placeDep ROOT @unrs/resolver-binding-linux-s390x-gnu@1.12.2 OK for: unrs-resolver@1.12.2 want: 1.12.2
2269 silly placeDep ROOT @unrs/resolver-binding-linux-x64-gnu@1.12.2 OK for: unrs-resolver@1.12.2 want: 1.12.2
2270 silly placeDep ROOT @unrs/resolver-binding-linux-x64-musl@1.12.2 OK for: unrs-resolver@1.12.2 want: 1.12.2
2271 silly placeDep ROOT @unrs/resolver-binding-openharmony-arm64@1.12.2 OK for: unrs-resolver@1.12.2 want: 1.12.2
2272 silly placeDep ROOT @unrs/resolver-binding-wasm32-wasi@1.12.2 OK for: unrs-resolver@1.12.2 want: 1.12.2
2273 silly placeDep ROOT @unrs/resolver-binding-win32-arm64-msvc@1.12.2 OK for: unrs-resolver@1.12.2 want: 1.12.2
2274 silly placeDep ROOT @unrs/resolver-binding-win32-ia32-msvc@1.12.2 OK for: unrs-resolver@1.12.2 want: 1.12.2
2275 silly placeDep ROOT @unrs/resolver-binding-win32-x64-msvc@1.12.2 OK for: unrs-resolver@1.12.2 want: 1.12.2
2276 silly placeDep ROOT napi-postinstall@0.3.4 OK for: unrs-resolver@1.12.2 want: ^0.3.4
2277 silly fetch manifest @napi-rs/wasm-runtime@^1.1.4
2278 silly packumentCache full:https://registry.npmjs.org/@napi-rs%2fwasm-runtime cache-miss
2279 silly fetch manifest @emnapi/core@1.10.0
2280 silly packumentCache full:https://registry.npmjs.org/@emnapi%2fcore cache-miss
2281 silly fetch manifest @emnapi/runtime@1.10.0
2282 silly packumentCache full:https://registry.npmjs.org/@emnapi%2fruntime cache-miss
2283 http cache https://registry.npmjs.org/@emnapi%2fruntime 16ms (cache hit)
2284 silly packumentCache full:https://registry.npmjs.org/@emnapi%2fruntime set size:122916 disposed:false
2285 http fetch GET 200 https://registry.npmjs.org/@emnapi%2fcore 81ms (cache miss)
2286 silly packumentCache full:https://registry.npmjs.org/@emnapi%2fcore set size:undefined disposed:false
2287 http fetch GET 200 https://registry.npmjs.org/@napi-rs%2fwasm-runtime 517ms (cache miss)
2288 silly packumentCache full:https://registry.npmjs.org/@napi-rs%2fwasm-runtime set size:undefined disposed:false
2289 silly placeDep ROOT @emnapi/core@1.10.0 OK for: @unrs/resolver-binding-wasm32-wasi@1.12.2 want: 1.10.0
2290 silly placeDep node_modules/@unrs/resolver-binding-wasm32-wasi @emnapi/runtime@1.10.0 OK for: @unrs/resolver-binding-wasm32-wasi@1.12.2 want: 1.10.0
2291 silly placeDep ROOT @napi-rs/wasm-runtime@1.2.1 OK for: @unrs/resolver-binding-wasm32-wasi@1.12.2 want: ^1.1.4
2292 silly fetch manifest @emnapi/wasi-threads@1.2.1
2293 silly packumentCache full:https://registry.npmjs.org/@emnapi%2fwasi-threads cache-miss
2294 silly fetch manifest @tybys/wasm-util@^0.10.3
2295 silly packumentCache full:https://registry.npmjs.org/@tybys%2fwasm-util cache-miss
2296 http fetch GET 200 https://registry.npmjs.org/@emnapi%2fwasi-threads 109ms (cache miss)
2297 silly packumentCache full:https://registry.npmjs.org/@emnapi%2fwasi-threads set size:undefined disposed:false
2298 http fetch GET 200 https://registry.npmjs.org/@tybys%2fwasm-util 111ms (cache miss)
2299 silly packumentCache full:https://registry.npmjs.org/@tybys%2fwasm-util set size:undefined disposed:false
2300 silly placeDep ROOT @emnapi/wasi-threads@1.2.1 OK for: @emnapi/core@1.10.0 want: 1.2.1
2301 silly placeDep ROOT @tybys/wasm-util@0.10.3 OK for: @napi-rs/wasm-runtime@1.2.1 want: ^0.10.3
2302 silly placeDep ROOT punycode@2.3.1 OK for: uri-js@4.4.1 want: ^2.1.0
2303 silly placeDep ROOT isexe@2.0.0 OK for: which@2.0.2 want: ^2.0.0
2304 silly placeDep ROOT is-bigint@1.1.0 OK for: which-boxed-primitive@1.1.1 want: ^1.1.0
2305 silly placeDep ROOT is-boolean-object@1.2.2 OK for: which-boxed-primitive@1.1.1 want: ^1.2.1
2306 silly placeDep ROOT is-number-object@1.1.1 OK for: which-boxed-primitive@1.1.1 want: ^1.1.1
2307 silly placeDep ROOT is-async-function@2.1.1 OK for: which-builtin-type@1.2.1 want: ^2.0.0
2308 silly placeDep ROOT is-finalizationregistry@1.1.1 OK for: which-builtin-type@1.2.1 want: ^1.1.0
2309 silly placeDep ROOT is-generator-function@1.1.2 OK for: which-builtin-type@1.2.1 want: ^1.0.10
2310 silly placeDep ROOT which-collection@1.0.2 OK for: which-builtin-type@1.2.1 want: ^1.0.2
2311 silly fetch manifest async-function@^1.0.0
2312 silly packumentCache full:https://registry.npmjs.org/async-function cache-miss
2313 silly fetch manifest generator-function@^2.0.0
2314 silly packumentCache full:https://registry.npmjs.org/generator-function cache-miss
2315 silly fetch manifest is-map@^2.0.3
2316 silly packumentCache full:https://registry.npmjs.org/is-map cache-miss
2317 http fetch GET 200 https://registry.npmjs.org/generator-function 65ms (cache miss)
2318 silly packumentCache full:https://registry.npmjs.org/generator-function set size:undefined disposed:false
2319 silly fetch manifest is-weakmap@^2.0.2
2320 silly packumentCache full:https://registry.npmjs.org/is-weakmap cache-miss
2321 http fetch GET 200 https://registry.npmjs.org/is-map 68ms (cache miss)
2322 silly packumentCache full:https://registry.npmjs.org/is-map set size:undefined disposed:false
2323 silly fetch manifest is-weakset@^2.0.3
2324 silly packumentCache full:https://registry.npmjs.org/is-weakset cache-miss
2325 http fetch GET 200 https://registry.npmjs.org/is-weakset 64ms (cache miss)
2326 silly packumentCache full:https://registry.npmjs.org/is-weakset set size:undefined disposed:false
2327 http fetch GET 200 https://registry.npmjs.org/async-function 287ms (cache miss)
2328 silly packumentCache full:https://registry.npmjs.org/async-function set size:undefined disposed:false
2329 http fetch GET 200 https://registry.npmjs.org/is-weakmap 303ms (cache miss)
2330 silly packumentCache full:https://registry.npmjs.org/is-weakmap set size:undefined disposed:false
2331 silly placeDep ROOT async-function@1.0.0 OK for: is-async-function@2.1.1 want: ^1.0.0
2332 silly placeDep ROOT generator-function@2.0.1 OK for: is-generator-function@1.1.2 want: ^2.0.0
2333 silly placeDep ROOT is-map@2.0.3 OK for: which-collection@1.0.2 want: ^2.0.3
2334 silly placeDep ROOT is-weakmap@2.0.2 OK for: which-collection@1.0.2 want: ^2.0.2
2335 silly placeDep ROOT is-weakset@2.0.4 OK for: which-collection@1.0.2 want: ^2.0.3
2336 silly placeDep node_modules/@typescript-eslint/typescript-estree brace-expansion@5.0.9 OK for: minimatch@10.2.6 want: ^5.0.8
2337 silly fetch manifest balanced-match@^4.0.2
2338 silly packumentCache full:https://registry.npmjs.org/balanced-match cache-miss
2339 http cache https://registry.npmjs.org/balanced-match 13ms (cache hit)
2340 silly packumentCache full:https://registry.npmjs.org/balanced-match set size:39082 disposed:false
2341 silly placeDep node_modules/@typescript-eslint/typescript-estree balanced-match@4.0.4 OK for: brace-expansion@5.0.9 want: ^4.0.2
2342 silly reify moves {}
2343 silly audit bulk request {
2343 silly audit   '@prisma/client': [ '6.19.3' ],
2343 silly audit   '@types/node': [ '22.20.1' ],
2343 silly audit   '@types/react': [ '19.2.17' ],
2343 silly audit   '@types/react-dom': [ '19.2.3' ],
2343 silly audit   eslint: [ '9.39.5' ],
2343 silly audit   'eslint-config-next': [ '15.5.22' ],
2343 silly audit   next: [ '15.5.22' ],
2343 silly audit   react: [ '19.2.8' ],
2343 silly audit   'react-dom': [ '19.2.8' ],
2343 silly audit   prisma: [ '6.19.3' ],
2343 silly audit   tsx: [ '4.23.1' ],
2343 silly audit   typescript: [ '5.9.3' ],
2343 silly audit   'undici-types': [ '6.21.0' ],
2343 silly audit   csstype: [ '3.2.3' ],
2343 silly audit   '@eslint-community/eslint-utils': [ '4.10.1' ],
2343 silly audit   '@eslint-community/regexpp': [ '4.12.2' ],
2343 silly audit   '@eslint/config-array': [ '0.21.2' ],
2343 silly audit   '@eslint/config-helpers': [ '0.4.2' ],
2343 silly audit   '@eslint/core': [ '0.17.0' ],
2343 silly audit   '@eslint/eslintrc': [ '3.3.6' ],
2343 silly audit   '@eslint/js': [ '9.39.5' ],
2343 silly audit   '@eslint/plugin-kit': [ '0.4.1' ],
2343 silly audit   '@humanfs/node': [ '0.16.8' ],
2343 silly audit   '@humanwhocodes/module-importer': [ '1.0.1' ],
2343 silly audit   '@humanwhocodes/retry': [ '0.4.3' ],
2343 silly audit   '@types/estree': [ '1.0.9' ],
2343 silly audit   ajv: [ '6.15.0' ],
2343 silly audit   chalk: [ '4.1.2' ],
2343 silly audit   'cross-spawn': [ '7.0.6' ],
2343 silly audit   debug: [ '4.4.3', '3.2.7' ],
2343 silly audit   'escape-string-regexp': [ '4.0.0' ],
2343 silly audit   'eslint-scope': [ '8.4.0' ],
2343 silly audit   'eslint-visitor-keys': [ '4.2.1', '3.4.3', '5.0.1' ],
2343 silly audit   espree: [ '10.4.0' ],
2343 silly audit   esquery: [ '1.7.0' ],
2343 silly audit   esutils: [ '2.0.3' ],
2343 silly audit   'fast-deep-equal': [ '3.1.3' ],
2343 silly audit   'file-entry-cache': [ '8.0.0' ],
2343 silly audit   'find-up': [ '5.0.0' ],
2343 silly audit   'glob-parent': [ '6.0.2', '5.1.2' ],
2343 silly audit   ignore: [ '5.3.2', '7.0.6' ],
2343 silly audit   imurmurhash: [ '0.1.4' ],
2343 silly audit   'is-glob': [ '4.0.3' ],
2343 silly audit   'json-stable-stringify-without-jsonify': [ '1.0.1' ],
2343 silly audit   'lodash.merge': [ '4.6.2' ],
2343 silly audit   minimatch: [ '3.1.5', '10.2.6' ],
2343 silly audit   'natural-compare': [ '1.4.0' ],
2343 silly audit   optionator: [ '0.9.4' ],
2343 silly audit   '@eslint/object-schema': [ '2.1.7' ],
2343 silly audit   '@types/json-schema': [ '7.0.15' ],
2343 silly audit   globals: [ '14.0.0' ],
2343 silly audit   'import-fresh': [ '3.3.1' ],
2343 silly audit   'js-yaml': [ '4.3.0' ],
2343 silly audit   'strip-json-comments': [ '3.1.1' ],
2343 silly audit   levn: [ '0.4.1' ],
2343 silly audit   '@humanfs/core': [ '0.19.2' ],
2343 silly audit   '@humanfs/types': [ '0.15.0' ],
2343 silly audit   'fast-json-stable-stringify': [ '2.1.0' ],
2343 silly audit   'json-schema-traverse': [ '0.4.1' ],
2343 silly audit   'uri-js': [ '4.4.1' ],
2343 silly audit   'ansi-styles': [ '4.3.0' ],
2343 silly audit   'supports-color': [ '7.2.0' ],
2343 silly audit   'color-convert': [ '2.0.1' ],
2343 silly audit   'color-name': [ '1.1.4' ],
2343 silly audit   'path-key': [ '3.1.1' ],
2343 silly audit   'shebang-command': [ '2.0.0' ],
2343 silly audit   which: [ '2.0.2' ],
2343 silly audit   ms: [ '2.1.3' ],
2343 silly audit   '@next/eslint-plugin-next': [ '15.5.22' ],
2343 silly audit   '@rushstack/eslint-patch': [ '1.16.1' ],
2343 silly audit   '@typescript-eslint/eslint-plugin': [ '8.65.0' ],
2343 silly audit   '@typescript-eslint/parser': [ '8.65.0' ],
2343 silly audit   'eslint-import-resolver-node': [ '0.3.10' ],
2343 silly audit   'eslint-import-resolver-typescript': [ '3.10.1' ],
2343 silly audit   'eslint-plugin-import': [ '2.32.0' ],
2343 silly audit   'eslint-plugin-jsx-a11y': [ '6.10.2' ],
2343 silly audit   'eslint-plugin-react': [ '7.37.5' ],
2343 silly audit   'eslint-plugin-react-hooks': [ '5.2.0' ],
2343 silly audit   'fast-glob': [ '3.3.1' ],
2343 silly audit   '@typescript-eslint/scope-manager': [ '8.65.0' ],
2343 silly audit   '@typescript-eslint/type-utils': [ '8.65.0' ],
2343 silly audit   '@typescript-eslint/utils': [ '8.65.0' ],
2343 silly audit   '@typescript-eslint/visitor-keys': [ '8.65.0' ],
2343 silly audit   'ts-api-utils': [ '2.5.0' ],
2343 silly audit   '@typescript-eslint/types': [ '8.65.0' ],
2343 silly audit   '@typescript-eslint/typescript-estree': [ '8.65.0' ],
2343 silly audit   '@typescript-eslint/project-service': [ '8.65.0' ],
2343 silly audit   '@typescript-eslint/tsconfig-utils': [ '8.65.0' ],
2343 silly audit   semver: [ '7.8.5', '6.3.1' ],
2343 silly audit   tinyglobby: [ '0.2.17' ],
2343 silly audit   'is-core-module': [ '2.16.2' ],
2343 silly audit   resolve: [ '2.0.0-next.7' ],
2343 silly audit   '@nolyfill/is-core-module': [ '1.0.39' ],
2343 silly audit   'get-tsconfig': [ '4.14.0' ],
2343 silly audit   'is-bun-module': [ '2.0.0' ],
2343 silly audit   'stable-hash': [ '0.0.5' ],
2343 silly audit   'unrs-resolver': [ '1.12.2' ],
2343 silly audit   '@rtsao/scc': [ '1.1.0' ],
2343 silly audit   'array-includes': [ '3.1.9' ],
2343 silly audit   'array.prototype.findlastindex': [ '1.2.6' ],
2343 silly audit   'array.prototype.flat': [ '1.3.3' ],
2343 silly audit   'array.prototype.flatmap': [ '1.3.3' ],
2343 silly audit   doctrine: [ '2.1.0' ],
2343 silly audit   'eslint-module-utils': [ '2.14.0' ],
2343 silly audit   hasown: [ '2.0.4' ],
2343 silly audit   'object.fromentries': [ '2.0.8' ],
2343 silly audit   'object.groupby': [ '1.0.3' ],
2343 silly audit   'object.values': [ '1.2.1' ],
2343 silly audit   'string.prototype.trimend': [ '1.0.10' ],
2343 silly audit   'tsconfig-paths': [ '3.15.0' ],
2343 silly audit   'call-bind': [ '1.0.9' ],
2343 silly audit   'call-bound': [ '1.0.4' ],
2343 silly audit   'define-properties': [ '1.2.1' ],
2343 silly audit   'es-abstract': [ '1.24.2' ],
2343 silly audit   'es-object-atoms': [ '1.1.2' ],
2343 silly audit   'get-intrinsic': [ '1.3.0' ],
2343 silly audit   'is-string': [ '1.1.1' ],
2343 silly audit   'math-intrinsics': [ '1.1.0' ],
2343 silly audit   'es-errors': [ '1.3.0' ],
2343 silly audit   'es-shim-unscopables': [ '1.1.0' ],
2343 silly audit   'call-bind-apply-helpers': [ '1.0.2' ],
2343 silly audit   'es-define-property': [ '1.0.1' ],
2343 silly audit   'set-function-length': [ '1.2.2' ],
2343 silly audit   'function-bind': [ '1.1.2' ],
2343 silly audit   'define-data-property': [ '1.1.4' ],
2343 silly audit   'has-property-descriptors': [ '1.0.2' ],
2343 silly audit   'object-keys': [ '1.1.1' ],
2343 silly audit   gopd: [ '1.2.0' ],
2343 silly audit   'array-buffer-byte-length': [ '1.0.2' ],
2343 silly audit   'arraybuffer.prototype.slice': [ '1.0.4' ],
2343 silly audit   'available-typed-arrays': [ '1.0.7' ],
2343 silly audit   'data-view-buffer': [ '1.0.2' ],
2343 silly audit   'data-view-byte-length': [ '1.0.2' ],
2343 silly audit   'data-view-byte-offset': [ '1.0.1' ],
2343 silly audit   'es-set-tostringtag': [ '2.1.0' ],
2343 silly audit   'es-to-primitive': [ '1.3.4' ],
2343 silly audit   'function.prototype.name': [ '1.2.0' ],
2343 silly audit   'get-proto': [ '1.0.1' ],
2343 silly audit   'get-symbol-description': [ '1.1.0' ],
2343 silly audit   globalthis: [ '1.0.4' ],
2343 silly audit   'has-proto': [ '1.2.0' ],
2343 silly audit   'has-symbols': [ '1.1.0' ],
2343 silly audit   'internal-slot': [ '1.1.0' ],
2343 silly audit   'is-array-buffer': [ '3.0.5' ],
2343 silly audit   'is-callable': [ '1.2.7' ],
2343 silly audit   'is-data-view': [ '1.0.2' ],
2343 silly audit   'is-negative-zero': [ '2.0.3' ],
2343 silly audit   'is-regex': [ '1.2.1' ],
2343 silly audit   'is-set': [ '2.0.3' ],
2343 silly audit   'is-shared-array-buffer': [ '1.0.4' ],
2343 silly audit   'is-typed-array': [ '1.1.15' ],
2343 silly audit   'is-weakref': [ '1.1.1' ],
2343 silly audit   'object-inspect': [ '1.13.4' ],
2343 silly audit   'object.assign': [ '4.1.7' ],
2343 silly audit   'own-keys': [ '1.0.2' ],
2343 silly audit   'regexp.prototype.flags': [ '1.5.4' ],
2343 silly audit   'safe-array-concat': [ '1.1.4' ],
2343 silly audit   'safe-push-apply': [ '1.0.0' ],
2343 silly audit   'safe-regex-test': [ '1.1.0' ],
2343 silly audit   'set-proto': [ '1.0.0' ],
2343 silly audit   'stop-iteration-iterator': [ '1.1.0' ],
2343 silly audit   'string.prototype.trim': [ '1.2.11' ],
2343 silly audit   'string.prototype.trimstart': [ '1.0.8' ],
2343 silly audit   'typed-array-buffer': [ '1.0.3' ],
2343 silly audit   'typed-array-byte-length': [ '1.0.3' ],
2343 silly audit   'typed-array-byte-offset': [ '1.0.4' ],
2343 silly audit   'typed-array-length': [ '1.0.8' ],
2343 silly audit   'unbox-primitive': [ '1.1.0' ],
2343 silly audit   'which-typed-array': [ '1.1.22' ],
2343 silly audit   'possible-typed-array-names': [ '1.1.0' ],
2343 silly audit   'has-tostringtag': [ '1.0.2' ],
2343 silly audit   'es-abstract-get': [ '1.0.0' ],
2343 silly audit   'is-date-object': [ '1.1.0' ],
2343 silly audit   'is-symbol': [ '1.1.1' ],
2343 silly audit   'aria-query': [ '5.3.2' ],
2343 silly audit   'ast-types-flow': [ '0.0.8' ],
2343 silly audit   'axe-core': [ '4.12.1' ],
2343 silly audit   'axobject-query': [ '4.1.0' ],
2343 silly audit   'damerau-levenshtein': [ '1.0.8' ],
2343 silly audit   'emoji-regex': [ '9.2.2' ],
2343 silly audit   'jsx-ast-utils': [ '3.3.5' ],
2343 silly audit   'language-tags': [ '1.0.9' ],
2343 silly audit   'string.prototype.includes': [ '2.0.1' ],
2343 silly audit   'array.prototype.findlast': [ '1.2.5' ],
2343 silly audit   'array.prototype.tosorted': [ '1.1.4' ],
2343 silly audit   'es-iterator-helpers': [ '1.4.0' ],
2343 silly audit   estraverse: [ '5.3.0' ],
2343 silly audit   'object.entries': [ '1.1.9' ],
2343 silly audit   'prop-types': [ '15.8.1' ],
2343 silly audit   'string.prototype.matchall': [ '4.0.12' ],
2343 silly audit   'string.prototype.repeat': [ '1.0.0' ],
2343 silly audit   'iterator.prototype': [ '1.1.5' ],
2343 silly audit   esrecurse: [ '4.3.0' ],
2343 silly audit   acorn: [ '8.18.0' ],
2343 silly audit   'acorn-jsx': [ '5.3.2' ],
2343 silly audit   '@nodelib/fs.stat': [ '2.0.5' ],
2343 silly audit   '@nodelib/fs.walk': [ '1.2.8' ],
2343 silly audit   merge2: [ '1.4.1' ],
2343 silly audit   micromatch: [ '4.0.8' ],
2343 silly audit   '@nodelib/fs.scandir': [ '2.1.5' ],
2343 silly audit   fastq: [ '1.20.1' ],
2343 silly audit   'run-parallel': [ '1.2.0' ],
2343 silly audit   reusify: [ '1.1.0' ],
2343 silly audit   'flat-cache': [ '4.0.1' ],
2343 silly audit   'locate-path': [ '6.0.0' ],
2343 silly audit   'path-exists': [ '4.0.0' ],
2343 silly audit   flatted: [ '3.4.4' ],
2343 silly audit   keyv: [ '4.5.4' ],
2343 silly audit   'functions-have-names': [ '1.2.3' ],
2343 silly audit   'is-document.all': [ '1.0.0' ],
2343 silly audit   'dunder-proto': [ '1.0.1' ],
2343 silly audit   'resolve-pkg-maps': [ '1.0.0' ],
2343 silly audit   'parent-module': [ '1.0.1' ],
2343 silly audit   'resolve-from': [ '4.0.0' ],
2343 silly audit   'side-channel': [ '1.1.1' ],
2343 silly audit   'is-extglob': [ '2.1.1' ],
2343 silly audit   'set-function-name': [ '2.0.2' ],
2343 silly audit   argparse: [ '2.0.1' ],
2343 silly audit   'json-buffer': [ '3.0.1' ],
2343 silly audit   'language-subtag-registry': [ '0.3.23' ],
2343 silly audit   'prelude-ls': [ '1.2.1' ],
2343 silly audit   'type-check': [ '0.4.0' ],
2343 silly audit   'p-locate': [ '5.0.0' ],
2343 silly audit   braces: [ '3.0.3' ],
2343 silly audit   picomatch: [ '2.3.2', '4.0.5' ],
2343 silly audit   'fill-range': [ '7.1.1' ],
2343 silly audit   'to-regex-range': [ '5.0.1' ],
2343 silly audit   'brace-expansion': [ '1.1.18', '5.0.9' ],
2343 silly audit   'balanced-match': [ '1.0.2', '4.0.4' ],
2343 silly audit   'concat-map': [ '0.0.1' ],
2343 silly audit   '@next/env': [ '15.5.22' ],
2343 silly audit   '@next/swc-darwin-arm64': [ '15.5.22' ],
2343 silly audit   '@next/swc-darwin-x64': [ '15.5.22' ],
2343 silly audit   '@next/swc-linux-arm64-gnu': [ '15.5.22' ],
2343 silly audit   '@next/swc-linux-arm64-musl': [ '15.5.22' ],
2343 silly audit   '@next/swc-linux-x64-gnu': [ '15.5.22' ],
2343 silly audit   '@next/swc-linux-x64-musl': [ '15.5.22' ],
2343 silly audit   '@next/swc-win32-arm64-msvc': [ '15.5.22' ],
2343 silly audit   '@next/swc-win32-x64-msvc': [ '15.5.22' ],
2343 silly audit   '@swc/helpers': [ '0.5.15' ],
2343 silly audit   'caniuse-lite': [ '1.0.30001806' ],
2343 silly audit   postcss: [ '8.4.31' ],
2343 silly audit   sharp: [ '0.34.5' ],
2343 silly audit   'styled-jsx': [ '5.1.6' ],
2343 silly audit   tslib: [ '2.8.1' ],
2343 silly audit   'deep-is': [ '0.1.4' ],
2343 silly audit   'fast-levenshtein': [ '2.0.6' ],
2343 silly audit   'word-wrap': [ '1.2.5' ],
2343 silly audit   'p-limit': [ '3.1.0' ],
2343 silly audit   'yocto-queue': [ '0.1.0' ],
2343 silly audit   callsites: [ '3.1.0' ],
2343 silly audit   nanoid: [ '3.3.16' ],
2343 silly audit   picocolors: [ '1.1.1' ],
2343 silly audit   'source-map-js': [ '1.2.1' ],
2343 silly audit   '@prisma/config': [ '6.19.3' ],
2343 silly audit   '@prisma/engines': [ '6.19.3' ],
2343 silly audit   c12: [ '3.1.0' ],
2343 silly audit   'deepmerge-ts': [ '7.1.5' ],
2343 silly audit   effect: [ '3.21.0' ],
2343 silly audit   empathic: [ '2.0.0' ],
2343 silly audit   '@prisma/debug': [ '6.19.3' ],
2343 silly audit   '@prisma/engines-version': [ '7.1.1-3.c2990dca591cba766e3b7ef5d9e8a84796e47ab7' ],
2343 silly audit   '@prisma/fetch-engine': [ '6.19.3' ],
2343 silly audit   '@prisma/get-platform': [ '6.19.3' ],
2343 silly audit   chokidar: [ '4.0.3' ],
2343 silly audit   confbox: [ '0.2.4' ],
2343 silly audit   defu: [ '6.1.7' ],
2343 silly audit   dotenv: [ '16.6.1' ],
2343 silly audit   exsolve: [ '1.1.1' ],
2343 silly audit   giget: [ '2.0.0' ],
2343 silly audit   jiti: [ '2.7.0' ],
2343 silly audit   ohash: [ '2.0.11' ],
2343 silly audit   pathe: [ '2.0.3' ],
2343 silly audit   'perfect-debounce': [ '1.0.0' ],
2343 silly audit   'pkg-types': [ '2.3.1' ],
2343 silly audit   rc9: [ '2.1.2' ],
2343 silly audit   readdirp: [ '4.1.2' ],
2343 silly audit   '@standard-schema/spec': [ '1.1.0' ],
2343 silly audit   'fast-check': [ '3.23.2' ],
2343 silly audit   'pure-rand': [ '6.1.0' ],
2343 silly audit   citty: [ '0.1.6', '0.2.2' ],
2343 silly audit   consola: [ '3.4.2' ],
2343 silly audit   'node-fetch-native': [ '1.6.7' ],
2343 silly audit   nypm: [ '0.6.9' ],
2343 silly audit   tinyexec: [ '1.2.4' ],
2343 silly audit   'loose-envify': [ '1.4.0' ],
2343 silly audit   'object-assign': [ '4.1.1' ],
2343 silly audit   'react-is': [ '16.13.1' ],
2343 silly audit   'js-tokens': [ '4.0.0' ],
2343 silly audit   destr: [ '2.0.5' ],
2343 silly audit   scheduler: [ '0.27.0' ],
2343 silly audit   'node-exports-info': [ '1.6.2' ],
2343 silly audit   'path-parse': [ '1.0.7' ],
2343 silly audit   'supports-preserve-symlinks-flag': [ '1.0.0' ],
2343 silly audit   'queue-microtask': [ '1.2.3' ],
2343 silly audit   isarray: [ '2.0.5' ],
2343 silly audit   '@img/colour': [ '1.1.0' ],
2343 silly audit   '@img/sharp-darwin-arm64': [ '0.34.5' ],
2343 silly audit   '@img/sharp-darwin-x64': [ '0.34.5' ],
2343 silly audit   '@img/sharp-libvips-darwin-arm64': [ '1.2.4' ],
2343 silly audit   '@img/sharp-libvips-darwin-x64': [ '1.2.4' ],
2343 silly audit   '@img/sharp-libvips-linux-arm': [ '1.2.4' ],
2343 silly audit   '@img/sharp-libvips-linux-arm64': [ '1.2.4' ],
2343 silly audit   '@img/sharp-libvips-linux-ppc64': [ '1.2.4' ],
2343 silly audit   '@img/sharp-libvips-linux-riscv64': [ '1.2.4' ],
2343 silly audit   '@img/sharp-libvips-linux-s390x': [ '1.2.4' ],
2343 silly audit   '@img/sharp-libvips-linux-x64': [ '1.2.4' ],
2343 silly audit   '@img/sharp-libvips-linuxmusl-arm64': [ '1.2.4' ],
2343 silly audit   '@img/sharp-libvips-linuxmusl-x64': [ '1.2.4' ],
2343 silly audit   '@img/sharp-linux-arm': [ '0.34.5' ],
2343 silly audit   '@img/sharp-linux-arm64': [ '0.34.5' ],
2343 silly audit   '@img/sharp-linux-ppc64': [ '0.34.5' ],
2343 silly audit   '@img/sharp-linux-riscv64': [ '0.34.5' ],
2343 silly audit   '@img/sharp-linux-s390x': [ '0.34.5' ],
2343 silly audit   '@img/sharp-linux-x64': [ '0.34.5' ],
2343 silly audit   '@img/sharp-linuxmusl-arm64': [ '0.34.5' ],
2343 silly audit   '@img/sharp-linuxmusl-x64': [ '0.34.5' ],
2343 silly audit   '@img/sharp-wasm32': [ '0.34.5' ],
2343 silly audit   '@img/sharp-win32-arm64': [ '0.34.5' ],
2343 silly audit   '@img/sharp-win32-ia32': [ '0.34.5' ],
2343 silly audit   '@img/sharp-win32-x64': [ '0.34.5' ],
2343 silly audit   'detect-libc': [ '2.1.2' ],
2343 silly audit   '@emnapi/runtime': [ '1.11.3', '1.10.0' ],
2343 silly audit   'shebang-regex': [ '3.0.0' ],
2343 silly audit   'side-channel-list': [ '1.0.1' ],
2343 silly audit   'side-channel-map': [ '1.0.1' ],
2343 silly audit   'side-channel-weakmap': [ '1.0.2' ],
2343 silly audit   'client-only': [ '0.0.1' ],
2343 silly audit   'has-flag': [ '4.0.0' ],
2343 silly audit   fdir: [ '6.5.0' ],
2343 silly audit   'is-number': [ '7.0.0' ],
2343 silly audit   '@types/json5': [ '0.0.29' ],
2343 silly audit   json5: [ '1.0.2' ],
2343 silly audit   minimist: [ '1.2.8' ],
2343 silly audit   'strip-bom': [ '3.0.0' ],
2343 silly audit   esbuild: [ '0.28.1' ],
2343 silly audit   fsevents: [ '2.3.3' ],
2343 silly audit   '@esbuild/aix-ppc64': [ '0.28.1' ],
2343 silly audit   '@esbuild/android-arm': [ '0.28.1' ],
2343 silly audit   '@esbuild/android-arm64': [ '0.28.1' ],
2343 silly audit   '@esbuild/android-x64': [ '0.28.1' ],
2343 silly audit   '@esbuild/darwin-arm64': [ '0.28.1' ],
2343 silly audit   '@esbuild/darwin-x64': [ '0.28.1' ],
2343 silly audit   '@esbuild/freebsd-arm64': [ '0.28.1' ],
2343 silly audit   '@esbuild/freebsd-x64': [ '0.28.1' ],
2343 silly audit   '@esbuild/linux-arm': [ '0.28.1' ],
2343 silly audit   '@esbuild/linux-arm64': [ '0.28.1' ],
2343 silly audit   '@esbuild/linux-ia32': [ '0.28.1' ],
2343 silly audit   '@esbuild/linux-loong64': [ '0.28.1' ],
2343 silly audit   '@esbuild/linux-mips64el': [ '0.28.1' ],
2343 silly audit   '@esbuild/linux-ppc64': [ '0.28.1' ],
2343 silly audit   '@esbuild/linux-riscv64': [ '0.28.1' ],
2343 silly audit   '@esbuild/linux-s390x': [ '0.28.1' ],
2343 silly audit   '@esbuild/linux-x64': [ '0.28.1' ],
2343 silly audit   '@esbuild/netbsd-arm64': [ '0.28.1' ],
2343 silly audit   '@esbuild/netbsd-x64': [ '0.28.1' ],
2343 silly audit   '@esbuild/openbsd-arm64': [ '0.28.1' ],
2343 silly audit   '@esbuild/openbsd-x64': [ '0.28.1' ],
2343 silly audit   '@esbuild/openharmony-arm64': [ '0.28.1' ],
2343 silly audit   '@esbuild/sunos-x64': [ '0.28.1' ],
2343 silly audit   '@esbuild/win32-arm64': [ '0.28.1' ],
2343 silly audit   '@esbuild/win32-ia32': [ '0.28.1' ],
2343 silly audit   '@esbuild/win32-x64': [ '0.28.1' ],
2343 silly audit   'for-each': [ '0.3.5' ],
2343 silly audit   'reflect.getprototypeof': [ '1.0.10' ],
2343 silly audit   'which-builtin-type': [ '1.2.1' ],
2343 silly audit   'has-bigints': [ '1.1.0' ],
2343 silly audit   'which-boxed-primitive': [ '1.1.1' ],
2343 silly audit   '@unrs/resolver-binding-android-arm-eabi': [ '1.12.2' ],
2343 silly audit   '@unrs/resolver-binding-android-arm64': [ '1.12.2' ],
2343 silly audit   '@unrs/resolver-binding-darwin-arm64': [ '1.12.2' ],
2343 silly audit   '@unrs/resolver-binding-darwin-x64': [ '1.12.2' ],
2343 silly audit   '@unrs/resolver-binding-freebsd-x64': [ '1.12.2' ],
2343 silly audit   '@unrs/resolver-binding-linux-arm-gnueabihf': [ '1.12.2' ],
2343 silly audit   '@unrs/resolver-binding-linux-arm-musleabihf': [ '1.12.2' ],
2343 silly audit   '@unrs/resolver-binding-linux-arm64-gnu': [ '1.12.2' ],
2343 silly audit   '@unrs/resolver-binding-linux-arm64-musl': [ '1.12.2' ],
2343 silly audit   '@unrs/resolver-binding-linux-loong64-gnu': [ '1.12.2' ],
2343 silly audit   '@unrs/resolver-binding-linux-loong64-musl': [ '1.12.2' ],
2343 silly audit   '@unrs/resolver-binding-linux-ppc64-gnu': [ '1.12.2' ],
2343 silly audit   '@unrs/resolver-binding-linux-riscv64-gnu': [ '1.12.2' ],
2343 silly audit   '@unrs/resolver-binding-linux-riscv64-musl': [ '1.12.2' ],
2343 silly audit   '@unrs/resolver-binding-linux-s390x-gnu': [ '1.12.2' ],
2343 silly audit   '@unrs/resolver-binding-linux-x64-gnu': [ '1.12.2' ],
2343 silly audit   '@unrs/resolver-binding-linux-x64-musl': [ '1.12.2' ],
2343 silly audit   '@unrs/resolver-binding-openharmony-arm64': [ '1.12.2' ],
2343 silly audit   '@unrs/resolver-binding-wasm32-wasi': [ '1.12.2' ],
2343 silly audit   '@unrs/resolver-binding-win32-arm64-msvc': [ '1.12.2' ],
2343 silly audit   '@unrs/resolver-binding-win32-ia32-msvc': [ '1.12.2' ],
2343 silly audit   '@unrs/resolver-binding-win32-x64-msvc': [ '1.12.2' ],
2343 silly audit   'napi-postinstall': [ '0.3.4' ],
2343 silly audit   '@emnapi/core': [ '1.10.0' ],
2343 silly audit   '@napi-rs/wasm-runtime': [ '1.2.1' ],
2343 silly audit   '@emnapi/wasi-threads': [ '1.2.1' ],
2343 silly audit   '@tybys/wasm-util': [ '0.10.3' ],
2343 silly audit   punycode: [ '2.3.1' ],
2343 silly audit   isexe: [ '2.0.0' ],
2343 silly audit   'is-bigint': [ '1.1.0' ],
2343 silly audit   'is-boolean-object': [ '1.2.2' ],
2343 silly audit   'is-number-object': [ '1.1.1' ],
2343 silly audit   'is-async-function': [ '2.1.1' ],
2343 silly audit   'is-finalizationregistry': [ '1.1.1' ],
2343 silly audit   'is-generator-function': [ '1.1.2' ],
2343 silly audit   'which-collection': [ '1.0.2' ],
2343 silly audit   'async-function': [ '1.0.0' ],
2343 silly audit   'generator-function': [ '2.0.1' ],
2343 silly audit   'is-map': [ '2.0.3' ],
2343 silly audit   'is-weakmap': [ '2.0.2' ],
2343 silly audit   'is-weakset': [ '2.0.4' ]
2343 silly audit }
2344 http cache is-weakset@https://registry.npmjs.org/is-weakset/-/is-weakset-2.0.4.tgz 0ms (cache hit)
2345 http cache is-map@https://registry.npmjs.org/is-map/-/is-map-2.0.3.tgz 0ms (cache hit)
2346 http cache is-weakmap@https://registry.npmjs.org/is-weakmap/-/is-weakmap-2.0.2.tgz 0ms (cache hit)
2347 http cache generator-function@https://registry.npmjs.org/generator-function/-/generator-function-2.0.1.tgz 1ms (cache hit)
2348 http cache async-function@https://registry.npmjs.org/async-function/-/async-function-1.0.0.tgz 0ms (cache hit)
2349 http cache which-collection@https://registry.npmjs.org/which-collection/-/which-collection-1.0.2.tgz 0ms (cache hit)
2350 http cache is-generator-function@https://registry.npmjs.org/is-generator-function/-/is-generator-function-1.1.2.tgz 0ms (cache hit)
2351 http cache is-finalizationregistry@https://registry.npmjs.org/is-finalizationregistry/-/is-finalizationregistry-1.1.1.tgz 0ms (cache hit)
2352 http cache is-async-function@https://registry.npmjs.org/is-async-function/-/is-async-function-2.1.1.tgz 0ms (cache hit)
2353 http cache is-number-object@https://registry.npmjs.org/is-number-object/-/is-number-object-1.1.1.tgz 0ms (cache hit)
2354 http cache is-boolean-object@https://registry.npmjs.org/is-boolean-object/-/is-boolean-object-1.2.2.tgz 0ms (cache hit)
2355 http cache is-bigint@https://registry.npmjs.org/is-bigint/-/is-bigint-1.1.0.tgz 0ms (cache hit)
2356 http cache isexe@https://registry.npmjs.org/isexe/-/isexe-2.0.0.tgz 0ms (cache hit)
2357 http cache napi-postinstall@https://registry.npmjs.org/napi-postinstall/-/napi-postinstall-0.3.4.tgz 0ms (cache hit)
2358 http cache punycode@https://registry.npmjs.org/punycode/-/punycode-2.3.1.tgz 0ms (cache hit)
2359 http cache @unrs/resolver-binding-win32-x64-msvc@https://registry.npmjs.org/@unrs/resolver-binding-win32-x64-msvc/-/resolver-binding-win32-x64-msvc-1.12.2.tgz 0ms (cache hit)
2360 http cache which-boxed-primitive@https://registry.npmjs.org/which-boxed-primitive/-/which-boxed-primitive-1.1.1.tgz 0ms (cache hit)
2361 http cache has-bigints@https://registry.npmjs.org/has-bigints/-/has-bigints-1.1.0.tgz 0ms (cache hit)
2362 http cache which-builtin-type@https://registry.npmjs.org/which-builtin-type/-/which-builtin-type-1.2.1.tgz 0ms (cache hit)
2363 http cache for-each@https://registry.npmjs.org/for-each/-/for-each-0.3.5.tgz 0ms (cache hit)
2364 http cache reflect.getprototypeof@https://registry.npmjs.org/reflect.getprototypeof/-/reflect.getprototypeof-1.0.10.tgz 0ms (cache hit)
2365 http cache @esbuild/win32-x64@https://registry.npmjs.org/@esbuild/win32-x64/-/win32-x64-0.28.1.tgz 0ms (cache hit)
2366 http cache json5@https://registry.npmjs.org/json5/-/json5-1.0.2.tgz 0ms (cache hit)
2367 http cache @types/json5@https://registry.npmjs.org/@types/json5/-/json5-0.0.29.tgz 0ms (cache hit)
2368 http cache has-flag@https://registry.npmjs.org/has-flag/-/has-flag-4.0.0.tgz 0ms (cache hit)
2369 http cache is-number@https://registry.npmjs.org/is-number/-/is-number-7.0.0.tgz 0ms (cache hit)
2370 http cache client-only@https://registry.npmjs.org/client-only/-/client-only-0.0.1.tgz 1ms (cache hit)
2371 http cache side-channel-weakmap@https://registry.npmjs.org/side-channel-weakmap/-/side-channel-weakmap-1.0.2.tgz 0ms (cache hit)
2372 http cache side-channel-map@https://registry.npmjs.org/side-channel-map/-/side-channel-map-1.0.1.tgz 0ms (cache hit)
2373 http cache @emnapi/runtime@https://registry.npmjs.org/@emnapi/runtime/-/runtime-1.11.3.tgz 0ms (cache hit)
2374 http cache side-channel-list@https://registry.npmjs.org/side-channel-list/-/side-channel-list-1.0.1.tgz 0ms (cache hit)
2375 http cache @img/sharp-win32-x64@https://registry.npmjs.org/@img/sharp-win32-x64/-/sharp-win32-x64-0.34.5.tgz 0ms (cache hit)
2376 http cache esbuild@https://registry.npmjs.org/esbuild/-/esbuild-0.28.1.tgz 0ms (cache hit)
2377 http cache detect-libc@https://registry.npmjs.org/detect-libc/-/detect-libc-2.1.2.tgz 0ms (cache hit)
2378 http cache shebang-regex@https://registry.npmjs.org/shebang-regex/-/shebang-regex-3.0.0.tgz 0ms (cache hit)
2379 http cache @img/colour@https://registry.npmjs.org/@img/colour/-/colour-1.1.0.tgz 1ms (cache hit)
2380 http cache queue-microtask@https://registry.npmjs.org/queue-microtask/-/queue-microtask-1.2.3.tgz 0ms (cache hit)
2381 http cache supports-preserve-symlinks-flag@https://registry.npmjs.org/supports-preserve-symlinks-flag/-/supports-preserve-symlinks-flag-1.0.0.tgz 0ms (cache hit)
2382 http cache path-parse@https://registry.npmjs.org/path-parse/-/path-parse-1.0.7.tgz 0ms (cache hit)
2383 http cache node-exports-info@https://registry.npmjs.org/node-exports-info/-/node-exports-info-1.6.2.tgz 0ms (cache hit)
2384 http cache scheduler@https://registry.npmjs.org/scheduler/-/scheduler-0.27.0.tgz 0ms (cache hit)
2385 http cache destr@https://registry.npmjs.org/destr/-/destr-2.0.5.tgz 0ms (cache hit)
2386 http cache react-is@https://registry.npmjs.org/react-is/-/react-is-16.13.1.tgz 0ms (cache hit)
2387 http cache js-tokens@https://registry.npmjs.org/js-tokens/-/js-tokens-4.0.0.tgz 0ms (cache hit)
2388 http cache object-assign@https://registry.npmjs.org/object-assign/-/object-assign-4.1.1.tgz 1ms (cache hit)
2389 http cache loose-envify@https://registry.npmjs.org/loose-envify/-/loose-envify-1.4.0.tgz 26ms (cache hit)
2390 http cache tinyexec@https://registry.npmjs.org/tinyexec/-/tinyexec-1.2.4.tgz 0ms (cache hit)
2391 http cache nypm@https://registry.npmjs.org/nypm/-/nypm-0.6.9.tgz 0ms (cache hit)
2392 http cache node-fetch-native@https://registry.npmjs.org/node-fetch-native/-/node-fetch-native-1.6.7.tgz 0ms (cache hit)
2393 http cache consola@https://registry.npmjs.org/consola/-/consola-3.4.2.tgz 0ms (cache hit)
2394 http cache pure-rand@https://registry.npmjs.org/pure-rand/-/pure-rand-6.1.0.tgz 0ms (cache hit)
2395 http cache citty@https://registry.npmjs.org/citty/-/citty-0.1.6.tgz 0ms (cache hit)
2396 http cache fast-check@https://registry.npmjs.org/fast-check/-/fast-check-3.23.2.tgz 0ms (cache hit)
2397 http cache strip-bom@https://registry.npmjs.org/strip-bom/-/strip-bom-3.0.0.tgz 0ms (cache hit)
2398 http cache @standard-schema/spec@https://registry.npmjs.org/@standard-schema/spec/-/spec-1.1.0.tgz 0ms (cache hit)
2399 http cache minimist@https://registry.npmjs.org/minimist/-/minimist-1.2.8.tgz 0ms (cache hit)
2400 http cache pkg-types@https://registry.npmjs.org/pkg-types/-/pkg-types-2.3.1.tgz 0ms (cache hit)
2401 http cache perfect-debounce@https://registry.npmjs.org/perfect-debounce/-/perfect-debounce-1.0.0.tgz 0ms (cache hit)
2402 http cache pathe@https://registry.npmjs.org/pathe/-/pathe-2.0.3.tgz 0ms (cache hit)
2403 http cache ohash@https://registry.npmjs.org/ohash/-/ohash-2.0.11.tgz 0ms (cache hit)
2404 http cache jiti@https://registry.npmjs.org/jiti/-/jiti-2.7.0.tgz 0ms (cache hit)
2405 http cache giget@https://registry.npmjs.org/giget/-/giget-2.0.0.tgz 0ms (cache hit)
2406 http cache exsolve@https://registry.npmjs.org/exsolve/-/exsolve-1.1.1.tgz 0ms (cache hit)
2407 http cache isarray@https://registry.npmjs.org/isarray/-/isarray-2.0.5.tgz 0ms (cache hit)
2408 http cache readdirp@https://registry.npmjs.org/readdirp/-/readdirp-4.1.2.tgz 0ms (cache hit)
2409 http cache defu@https://registry.npmjs.org/defu/-/defu-6.1.7.tgz 0ms (cache hit)
2410 http cache @prisma/get-platform@https://registry.npmjs.org/@prisma/get-platform/-/get-platform-6.19.3.tgz 0ms (cache hit)
2411 http cache confbox@https://registry.npmjs.org/confbox/-/confbox-0.2.4.tgz 0ms (cache hit)
2412 http cache chokidar@https://registry.npmjs.org/chokidar/-/chokidar-4.0.3.tgz 0ms (cache hit)
2413 http cache dotenv@https://registry.npmjs.org/dotenv/-/dotenv-16.6.1.tgz 0ms (cache hit)
2414 http cache @prisma/engines-version@https://registry.npmjs.org/@prisma/engines-version/-/engines-version-7.1.1-3.c2990dca591cba766e3b7ef5d9e8a84796e47ab7.tgz 0ms (cache hit)
2415 http cache empathic@https://registry.npmjs.org/empathic/-/empathic-2.0.0.tgz 0ms (cache hit)
2416 http cache @prisma/debug@https://registry.npmjs.org/@prisma/debug/-/debug-6.19.3.tgz 0ms (cache hit)
2417 http cache @prisma/engines@https://registry.npmjs.org/@prisma/engines/-/engines-6.19.3.tgz 0ms (cache hit)
2418 http cache c12@https://registry.npmjs.org/c12/-/c12-3.1.0.tgz 0ms (cache hit)
2419 http cache effect@https://registry.npmjs.org/effect/-/effect-3.21.0.tgz 0ms (cache hit)
2420 http cache @prisma/config@https://registry.npmjs.org/@prisma/config/-/config-6.19.3.tgz 0ms (cache hit)
2421 http cache deepmerge-ts@https://registry.npmjs.org/deepmerge-ts/-/deepmerge-ts-7.1.5.tgz 0ms (cache hit)
2422 http cache source-map-js@https://registry.npmjs.org/source-map-js/-/source-map-js-1.2.1.tgz 0ms (cache hit)
2423 http cache picocolors@https://registry.npmjs.org/picocolors/-/picocolors-1.1.1.tgz 0ms (cache hit)
2424 http cache nanoid@https://registry.npmjs.org/nanoid/-/nanoid-3.3.16.tgz 0ms (cache hit)
2425 http cache callsites@https://registry.npmjs.org/callsites/-/callsites-3.1.0.tgz 0ms (cache hit)
2426 http cache yocto-queue@https://registry.npmjs.org/yocto-queue/-/yocto-queue-0.1.0.tgz 0ms (cache hit)
2427 http cache p-limit@https://registry.npmjs.org/p-limit/-/p-limit-3.1.0.tgz 0ms (cache hit)
2428 http cache fast-levenshtein@https://registry.npmjs.org/fast-levenshtein/-/fast-levenshtein-2.0.6.tgz 1ms (cache hit)
2429 http cache word-wrap@https://registry.npmjs.org/word-wrap/-/word-wrap-1.2.5.tgz 0ms (cache hit)
2430 http cache tslib@https://registry.npmjs.org/tslib/-/tslib-2.8.1.tgz 0ms (cache hit)
2431 http cache deep-is@https://registry.npmjs.org/deep-is/-/deep-is-0.1.4.tgz 0ms (cache hit)
2432 http cache sharp@https://registry.npmjs.org/sharp/-/sharp-0.34.5.tgz 0ms (cache hit)
2433 http cache @prisma/fetch-engine@https://registry.npmjs.org/@prisma/fetch-engine/-/fetch-engine-6.19.3.tgz 0ms (cache hit)
2434 http cache postcss@https://registry.npmjs.org/postcss/-/postcss-8.4.31.tgz 0ms (cache hit)
2435 http cache caniuse-lite@https://registry.npmjs.org/caniuse-lite/-/caniuse-lite-1.0.30001806.tgz 0ms (cache hit)
2436 http cache concat-map@https://registry.npmjs.org/concat-map/-/concat-map-0.0.1.tgz 0ms (cache hit)
2437 http cache @swc/helpers@https://registry.npmjs.org/@swc/helpers/-/helpers-0.5.15.tgz 0ms (cache hit)
2438 http cache balanced-match@https://registry.npmjs.org/balanced-match/-/balanced-match-1.0.2.tgz 0ms (cache hit)
2439 http cache brace-expansion@https://registry.npmjs.org/brace-expansion/-/brace-expansion-1.1.18.tgz 0ms (cache hit)
2440 http cache fill-range@https://registry.npmjs.org/fill-range/-/fill-range-7.1.1.tgz 0ms (cache hit)
2441 http cache to-regex-range@https://registry.npmjs.org/to-regex-range/-/to-regex-range-5.0.1.tgz 0ms (cache hit)
2442 http cache picomatch@https://registry.npmjs.org/picomatch/-/picomatch-2.3.2.tgz 0ms (cache hit)
2443 http cache p-locate@https://registry.npmjs.org/p-locate/-/p-locate-5.0.0.tgz 0ms (cache hit)
2444 http cache braces@https://registry.npmjs.org/braces/-/braces-3.0.3.tgz 0ms (cache hit)
2445 http cache @next/env@https://registry.npmjs.org/@next/env/-/env-15.5.22.tgz 0ms (cache hit)
2446 http cache language-subtag-registry@https://registry.npmjs.org/language-subtag-registry/-/language-subtag-registry-0.3.23.tgz 0ms (cache hit)
2447 http cache prelude-ls@https://registry.npmjs.org/prelude-ls/-/prelude-ls-1.2.1.tgz 0ms (cache hit)
2448 http cache json-buffer@https://registry.npmjs.org/json-buffer/-/json-buffer-3.0.1.tgz 0ms (cache hit)
2449 http cache argparse@https://registry.npmjs.org/argparse/-/argparse-2.0.1.tgz 0ms (cache hit)
2450 http cache side-channel@https://registry.npmjs.org/side-channel/-/side-channel-1.1.1.tgz 0ms (cache hit)
2451 http cache resolve-from@https://registry.npmjs.org/resolve-from/-/resolve-from-4.0.0.tgz 0ms (cache hit)
2452 http cache parent-module@https://registry.npmjs.org/parent-module/-/parent-module-1.0.1.tgz 0ms (cache hit)
2453 http cache resolve-pkg-maps@https://registry.npmjs.org/resolve-pkg-maps/-/resolve-pkg-maps-1.0.0.tgz 0ms (cache hit)
2454 http cache dunder-proto@https://registry.npmjs.org/dunder-proto/-/dunder-proto-1.0.1.tgz 0ms (cache hit)
2455 http cache is-document.all@https://registry.npmjs.org/is-document.all/-/is-document.all-1.0.0.tgz 0ms (cache hit)
2456 http cache functions-have-names@https://registry.npmjs.org/functions-have-names/-/functions-have-names-1.2.3.tgz 0ms (cache hit)
2457 http cache keyv@https://registry.npmjs.org/keyv/-/keyv-4.5.4.tgz 0ms (cache hit)
2458 http cache flatted@https://registry.npmjs.org/flatted/-/flatted-3.4.4.tgz 0ms (cache hit)
2459 http cache path-exists@https://registry.npmjs.org/path-exists/-/path-exists-4.0.0.tgz 0ms (cache hit)
2460 http cache flat-cache@https://registry.npmjs.org/flat-cache/-/flat-cache-4.0.1.tgz 0ms (cache hit)
2461 http cache locate-path@https://registry.npmjs.org/locate-path/-/locate-path-6.0.0.tgz 0ms (cache hit)
2462 http cache set-function-name@https://registry.npmjs.org/set-function-name/-/set-function-name-2.0.2.tgz 0ms (cache hit)
2463 http cache reusify@https://registry.npmjs.org/reusify/-/reusify-1.1.0.tgz 0ms (cache hit)
2464 http cache run-parallel@https://registry.npmjs.org/run-parallel/-/run-parallel-1.2.0.tgz 0ms (cache hit)
2465 http cache is-extglob@https://registry.npmjs.org/is-extglob/-/is-extglob-2.1.1.tgz 0ms (cache hit)
2466 http cache fastq@https://registry.npmjs.org/fastq/-/fastq-1.20.1.tgz 0ms (cache hit)
2467 http cache merge2@https://registry.npmjs.org/merge2/-/merge2-1.4.1.tgz 0ms (cache hit)
2468 http cache @nodelib/fs.scandir@https://registry.npmjs.org/@nodelib/fs.scandir/-/fs.scandir-2.1.5.tgz 1ms (cache hit)
2469 http cache @nodelib/fs.walk@https://registry.npmjs.org/@nodelib/fs.walk/-/fs.walk-1.2.8.tgz 0ms (cache hit)
2470 http cache acorn-jsx@https://registry.npmjs.org/acorn-jsx/-/acorn-jsx-5.3.2.tgz 0ms (cache hit)
2471 http cache @nodelib/fs.stat@https://registry.npmjs.org/@nodelib/fs.stat/-/fs.stat-2.0.5.tgz 0ms (cache hit)
2472 http cache acorn@https://registry.npmjs.org/acorn/-/acorn-8.18.0.tgz 0ms (cache hit)
2473 http cache esrecurse@https://registry.npmjs.org/esrecurse/-/esrecurse-4.3.0.tgz 0ms (cache hit)
2474 http cache iterator.prototype@https://registry.npmjs.org/iterator.prototype/-/iterator.prototype-1.1.5.tgz 0ms (cache hit)
2475 http cache string.prototype.repeat@https://registry.npmjs.org/string.prototype.repeat/-/string.prototype.repeat-1.0.0.tgz 0ms (cache hit)
2476 http cache string.prototype.matchall@https://registry.npmjs.org/string.prototype.matchall/-/string.prototype.matchall-4.0.12.tgz 0ms (cache hit)
2477 http cache prop-types@https://registry.npmjs.org/prop-types/-/prop-types-15.8.1.tgz 0ms (cache hit)
2478 http cache micromatch@https://registry.npmjs.org/micromatch/-/micromatch-4.0.8.tgz 0ms (cache hit)
2479 http cache rc9@https://registry.npmjs.org/rc9/-/rc9-2.1.2.tgz 0ms (cache hit)
2480 http cache estraverse@https://registry.npmjs.org/estraverse/-/estraverse-5.3.0.tgz 0ms (cache hit)
2481 http cache es-iterator-helpers@https://registry.npmjs.org/es-iterator-helpers/-/es-iterator-helpers-1.4.0.tgz 0ms (cache hit)
2482 http cache array.prototype.tosorted@https://registry.npmjs.org/array.prototype.tosorted/-/array.prototype.tosorted-1.1.4.tgz 0ms (cache hit)
2483 http cache type-check@https://registry.npmjs.org/type-check/-/type-check-0.4.0.tgz 0ms (cache hit)
2484 http cache array.prototype.findlast@https://registry.npmjs.org/array.prototype.findlast/-/array.prototype.findlast-1.2.5.tgz 0ms (cache hit)
2485 http cache string.prototype.includes@https://registry.npmjs.org/string.prototype.includes/-/string.prototype.includes-2.0.1.tgz 0ms (cache hit)
2486 http cache jsx-ast-utils@https://registry.npmjs.org/jsx-ast-utils/-/jsx-ast-utils-3.3.5.tgz 0ms (cache hit)
2487 http cache emoji-regex@https://registry.npmjs.org/emoji-regex/-/emoji-regex-9.2.2.tgz 0ms (cache hit)
2488 http cache damerau-levenshtein@https://registry.npmjs.org/damerau-levenshtein/-/damerau-levenshtein-1.0.8.tgz 0ms (cache hit)
2489 http cache axobject-query@https://registry.npmjs.org/axobject-query/-/axobject-query-4.1.0.tgz 0ms (cache hit)
2490 http cache axe-core@https://registry.npmjs.org/axe-core/-/axe-core-4.12.1.tgz 0ms (cache hit)
2491 http cache styled-jsx@https://registry.npmjs.org/styled-jsx/-/styled-jsx-5.1.6.tgz 0ms (cache hit)
2492 http cache ast-types-flow@https://registry.npmjs.org/ast-types-flow/-/ast-types-flow-0.0.8.tgz 0ms (cache hit)
2493 http cache aria-query@https://registry.npmjs.org/aria-query/-/aria-query-5.3.2.tgz 0ms (cache hit)
2494 http cache is-symbol@https://registry.npmjs.org/is-symbol/-/is-symbol-1.1.1.tgz 0ms (cache hit)
2495 http cache is-date-object@https://registry.npmjs.org/is-date-object/-/is-date-object-1.1.0.tgz 0ms (cache hit)
2496 http cache es-abstract-get@https://registry.npmjs.org/es-abstract-get/-/es-abstract-get-1.0.0.tgz 0ms (cache hit)
2497 http cache has-tostringtag@https://registry.npmjs.org/has-tostringtag/-/has-tostringtag-1.0.2.tgz 0ms (cache hit)
2498 http cache language-tags@https://registry.npmjs.org/language-tags/-/language-tags-1.0.9.tgz 0ms (cache hit)
2499 http cache possible-typed-array-names@https://registry.npmjs.org/possible-typed-array-names/-/possible-typed-array-names-1.1.0.tgz 0ms (cache hit)
2500 http cache which-typed-array@https://registry.npmjs.org/which-typed-array/-/which-typed-array-1.1.22.tgz 0ms (cache hit)
2501 http cache unbox-primitive@https://registry.npmjs.org/unbox-primitive/-/unbox-primitive-1.1.0.tgz 0ms (cache hit)
2502 http cache typed-array-length@https://registry.npmjs.org/typed-array-length/-/typed-array-length-1.0.8.tgz 0ms (cache hit)
2503 http cache typed-array-byte-offset@https://registry.npmjs.org/typed-array-byte-offset/-/typed-array-byte-offset-1.0.4.tgz 0ms (cache hit)
2504 http cache typed-array-buffer@https://registry.npmjs.org/typed-array-buffer/-/typed-array-buffer-1.0.3.tgz 0ms (cache hit)
2505 http cache typed-array-byte-length@https://registry.npmjs.org/typed-array-byte-length/-/typed-array-byte-length-1.0.3.tgz 0ms (cache hit)
2506 http cache string.prototype.trimstart@https://registry.npmjs.org/string.prototype.trimstart/-/string.prototype.trimstart-1.0.8.tgz 0ms (cache hit)
2507 http cache string.prototype.trim@https://registry.npmjs.org/string.prototype.trim/-/string.prototype.trim-1.2.11.tgz 0ms (cache hit)
2508 http cache stop-iteration-iterator@https://registry.npmjs.org/stop-iteration-iterator/-/stop-iteration-iterator-1.1.0.tgz 0ms (cache hit)
2509 http cache set-proto@https://registry.npmjs.org/set-proto/-/set-proto-1.0.0.tgz 0ms (cache hit)
2510 http cache safe-regex-test@https://registry.npmjs.org/safe-regex-test/-/safe-regex-test-1.1.0.tgz 0ms (cache hit)
2511 http cache safe-push-apply@https://registry.npmjs.org/safe-push-apply/-/safe-push-apply-1.0.0.tgz 0ms (cache hit)
2512 http cache safe-array-concat@https://registry.npmjs.org/safe-array-concat/-/safe-array-concat-1.1.4.tgz 0ms (cache hit)
2513 http cache regexp.prototype.flags@https://registry.npmjs.org/regexp.prototype.flags/-/regexp.prototype.flags-1.5.4.tgz 0ms (cache hit)
2514 http cache own-keys@https://registry.npmjs.org/own-keys/-/own-keys-1.0.2.tgz 0ms (cache hit)
2515 http cache object.assign@https://registry.npmjs.org/object.assign/-/object.assign-4.1.7.tgz 0ms (cache hit)
2516 http cache is-weakref@https://registry.npmjs.org/is-weakref/-/is-weakref-1.1.1.tgz 0ms (cache hit)
2517 http cache object-inspect@https://registry.npmjs.org/object-inspect/-/object-inspect-1.13.4.tgz 0ms (cache hit)
2518 http cache object.entries@https://registry.npmjs.org/object.entries/-/object.entries-1.1.9.tgz 0ms (cache hit)
2519 http cache is-shared-array-buffer@https://registry.npmjs.org/is-shared-array-buffer/-/is-shared-array-buffer-1.0.4.tgz 0ms (cache hit)
2520 http cache is-set@https://registry.npmjs.org/is-set/-/is-set-2.0.3.tgz 0ms (cache hit)
2521 http cache is-negative-zero@https://registry.npmjs.org/is-negative-zero/-/is-negative-zero-2.0.3.tgz 0ms (cache hit)
2522 http cache is-callable@https://registry.npmjs.org/is-callable/-/is-callable-1.2.7.tgz 0ms (cache hit)
2523 http cache is-regex@https://registry.npmjs.org/is-regex/-/is-regex-1.2.1.tgz 0ms (cache hit)
2524 http cache is-data-view@https://registry.npmjs.org/is-data-view/-/is-data-view-1.0.2.tgz 1ms (cache hit)
2525 http cache has-symbols@https://registry.npmjs.org/has-symbols/-/has-symbols-1.1.0.tgz 0ms (cache hit)
2526 http cache internal-slot@https://registry.npmjs.org/internal-slot/-/internal-slot-1.1.0.tgz 0ms (cache hit)
2527 http cache globalthis@https://registry.npmjs.org/globalthis/-/globalthis-1.0.4.tgz 0ms (cache hit)
2528 http cache function.prototype.name@https://registry.npmjs.org/function.prototype.name/-/function.prototype.name-1.2.0.tgz 0ms (cache hit)
2529 http cache get-proto@https://registry.npmjs.org/get-proto/-/get-proto-1.0.1.tgz 0ms (cache hit)
2530 http cache has-proto@https://registry.npmjs.org/has-proto/-/has-proto-1.2.0.tgz 0ms (cache hit)
2531 http cache es-to-primitive@https://registry.npmjs.org/es-to-primitive/-/es-to-primitive-1.3.4.tgz 0ms (cache hit)
2532 http cache is-array-buffer@https://registry.npmjs.org/is-array-buffer/-/is-array-buffer-3.0.5.tgz 0ms (cache hit)
2533 http cache data-view-byte-offset@https://registry.npmjs.org/data-view-byte-offset/-/data-view-byte-offset-1.0.1.tgz 0ms (cache hit)
2534 http cache data-view-buffer@https://registry.npmjs.org/data-view-buffer/-/data-view-buffer-1.0.2.tgz 0ms (cache hit)
2535 http cache data-view-byte-length@https://registry.npmjs.org/data-view-byte-length/-/data-view-byte-length-1.0.2.tgz 0ms (cache hit)
2536 http cache es-set-tostringtag@https://registry.npmjs.org/es-set-tostringtag/-/es-set-tostringtag-2.1.0.tgz 0ms (cache hit)
2537 http cache available-typed-arrays@https://registry.npmjs.org/available-typed-arrays/-/available-typed-arrays-1.0.7.tgz 0ms (cache hit)
2538 http cache arraybuffer.prototype.slice@https://registry.npmjs.org/arraybuffer.prototype.slice/-/arraybuffer.prototype.slice-1.0.4.tgz 0ms (cache hit)
2539 http cache array-buffer-byte-length@https://registry.npmjs.org/array-buffer-byte-length/-/array-buffer-byte-length-1.0.2.tgz 0ms (cache hit)
2540 http cache has-property-descriptors@https://registry.npmjs.org/has-property-descriptors/-/has-property-descriptors-1.0.2.tgz 0ms (cache hit)
2541 http cache object-keys@https://registry.npmjs.org/object-keys/-/object-keys-1.1.1.tgz 0ms (cache hit)
2542 http cache define-data-property@https://registry.npmjs.org/define-data-property/-/define-data-property-1.1.4.tgz 0ms (cache hit)
2543 http cache gopd@https://registry.npmjs.org/gopd/-/gopd-1.2.0.tgz 0ms (cache hit)
2544 http cache es-define-property@https://registry.npmjs.org/es-define-property/-/es-define-property-1.0.1.tgz 0ms (cache hit)
2545 http cache set-function-length@https://registry.npmjs.org/set-function-length/-/set-function-length-1.2.2.tgz 0ms (cache hit)
2546 http cache is-string@https://registry.npmjs.org/is-string/-/is-string-1.1.1.tgz 0ms (cache hit)
2547 http cache es-errors@https://registry.npmjs.org/es-errors/-/es-errors-1.3.0.tgz 0ms (cache hit)
2548 http cache function-bind@https://registry.npmjs.org/function-bind/-/function-bind-1.1.2.tgz 0ms (cache hit)
2549 http cache math-intrinsics@https://registry.npmjs.org/math-intrinsics/-/math-intrinsics-1.1.0.tgz 0ms (cache hit)
2550 http cache get-intrinsic@https://registry.npmjs.org/get-intrinsic/-/get-intrinsic-1.3.0.tgz 0ms (cache hit)
2551 http cache es-abstract@https://registry.npmjs.org/es-abstract/-/es-abstract-1.24.2.tgz 0ms (cache hit)
2552 http cache define-properties@https://registry.npmjs.org/define-properties/-/define-properties-1.2.1.tgz 0ms (cache hit)
2553 http cache es-shim-unscopables@https://registry.npmjs.org/es-shim-unscopables/-/es-shim-unscopables-1.1.0.tgz 0ms (cache hit)
2554 http cache call-bind@https://registry.npmjs.org/call-bind/-/call-bind-1.0.9.tgz 0ms (cache hit)
2555 http cache object.values@https://registry.npmjs.org/object.values/-/object.values-1.2.1.tgz 0ms (cache hit)
2556 http cache object.groupby@https://registry.npmjs.org/object.groupby/-/object.groupby-1.0.3.tgz 0ms (cache hit)
2557 http cache string.prototype.trimend@https://registry.npmjs.org/string.prototype.trimend/-/string.prototype.trimend-1.0.10.tgz 0ms (cache hit)
2558 http cache object.fromentries@https://registry.npmjs.org/object.fromentries/-/object.fromentries-2.0.8.tgz 0ms (cache hit)
2559 http cache hasown@https://registry.npmjs.org/hasown/-/hasown-2.0.4.tgz 0ms (cache hit)
2560 http cache doctrine@https://registry.npmjs.org/doctrine/-/doctrine-2.1.0.tgz 1ms (cache hit)
2561 http cache eslint-module-utils@https://registry.npmjs.org/eslint-module-utils/-/eslint-module-utils-2.14.0.tgz 0ms (cache hit)
2562 http cache array.prototype.flatmap@https://registry.npmjs.org/array.prototype.flatmap/-/array.prototype.flatmap-1.3.3.tgz 0ms (cache hit)
2563 http cache array-includes@https://registry.npmjs.org/array-includes/-/array-includes-3.1.9.tgz 0ms (cache hit)
2564 http cache array.prototype.flat@https://registry.npmjs.org/array.prototype.flat/-/array.prototype.flat-1.3.3.tgz 0ms (cache hit)
2565 http cache call-bound@https://registry.npmjs.org/call-bound/-/call-bound-1.0.4.tgz 0ms (cache hit)
2566 http cache unrs-resolver@https://registry.npmjs.org/unrs-resolver/-/unrs-resolver-1.12.2.tgz 0ms (cache hit)
2567 http cache array.prototype.findlastindex@https://registry.npmjs.org/array.prototype.findlastindex/-/array.prototype.findlastindex-1.2.6.tgz 0ms (cache hit)
2568 http cache is-typed-array@https://registry.npmjs.org/is-typed-array/-/is-typed-array-1.1.15.tgz 0ms (cache hit)
2569 http cache stable-hash@https://registry.npmjs.org/stable-hash/-/stable-hash-0.0.5.tgz 0ms (cache hit)
2570 http cache is-bun-module@https://registry.npmjs.org/is-bun-module/-/is-bun-module-2.0.0.tgz 0ms (cache hit)
2571 http cache resolve@https://registry.npmjs.org/resolve/-/resolve-2.0.0-next.7.tgz 0ms (cache hit)
2572 http cache @nolyfill/is-core-module@https://registry.npmjs.org/@nolyfill/is-core-module/-/is-core-module-1.0.39.tgz 0ms (cache hit)
2573 http cache get-tsconfig@https://registry.npmjs.org/get-tsconfig/-/get-tsconfig-4.14.0.tgz 0ms (cache hit)
2574 http cache is-core-module@https://registry.npmjs.org/is-core-module/-/is-core-module-2.16.2.tgz 0ms (cache hit)
2575 http cache @typescript-eslint/typescript-estree@https://registry.npmjs.org/@typescript-eslint/typescript-estree/-/typescript-estree-8.65.0.tgz 0ms (cache hit)
2576 http cache call-bind-apply-helpers@https://registry.npmjs.org/call-bind-apply-helpers/-/call-bind-apply-helpers-1.0.2.tgz 0ms (cache hit)
2577 http cache tinyglobby@https://registry.npmjs.org/tinyglobby/-/tinyglobby-0.2.17.tgz 0ms (cache hit)
2578 http cache @typescript-eslint/tsconfig-utils@https://registry.npmjs.org/@typescript-eslint/tsconfig-utils/-/tsconfig-utils-8.65.0.tgz 0ms (cache hit)
2579 http cache semver@https://registry.npmjs.org/semver/-/semver-7.8.5.tgz 0ms (cache hit)
2580 http cache @typescript-eslint/types@https://registry.npmjs.org/@typescript-eslint/types/-/types-8.65.0.tgz 0ms (cache hit)
2581 http cache @typescript-eslint/project-service@https://registry.npmjs.org/@typescript-eslint/project-service/-/project-service-8.65.0.tgz 0ms (cache hit)
2582 http cache ts-api-utils@https://registry.npmjs.org/ts-api-utils/-/ts-api-utils-2.5.0.tgz 0ms (cache hit)
2583 http cache @typescript-eslint/visitor-keys@https://registry.npmjs.org/@typescript-eslint/visitor-keys/-/visitor-keys-8.65.0.tgz 0ms (cache hit)
2584 http cache @typescript-eslint/utils@https://registry.npmjs.org/@typescript-eslint/utils/-/utils-8.65.0.tgz 0ms (cache hit)
2585 http cache @typescript-eslint/type-utils@https://registry.npmjs.org/@typescript-eslint/type-utils/-/type-utils-8.65.0.tgz 0ms (cache hit)
2586 http cache @typescript-eslint/scope-manager@https://registry.npmjs.org/@typescript-eslint/scope-manager/-/scope-manager-8.65.0.tgz 0ms (cache hit)
2587 http cache fast-glob@https://registry.npmjs.org/fast-glob/-/fast-glob-3.3.1.tgz 0ms (cache hit)
2588 http cache eslint-plugin-react-hooks@https://registry.npmjs.org/eslint-plugin-react-hooks/-/eslint-plugin-react-hooks-5.2.0.tgz 0ms (cache hit)
2589 http cache eslint-plugin-react@https://registry.npmjs.org/eslint-plugin-react/-/eslint-plugin-react-7.37.5.tgz 0ms (cache hit)
2590 http cache tsconfig-paths@https://registry.npmjs.org/tsconfig-paths/-/tsconfig-paths-3.15.0.tgz 0ms (cache hit)
2591 http cache @next/swc-win32-x64-msvc@https://registry.npmjs.org/@next/swc-win32-x64-msvc/-/swc-win32-x64-msvc-15.5.22.tgz 0ms (cache hit)
2592 http cache eslint-plugin-jsx-a11y@https://registry.npmjs.org/eslint-plugin-jsx-a11y/-/eslint-plugin-jsx-a11y-6.10.2.tgz 0ms (cache hit)
2593 http cache es-object-atoms@https://registry.npmjs.org/es-object-atoms/-/es-object-atoms-1.1.2.tgz 0ms (cache hit)
2594 http cache eslint-import-resolver-typescript@https://registry.npmjs.org/eslint-import-resolver-typescript/-/eslint-import-resolver-typescript-3.10.1.tgz 0ms (cache hit)
2595 http cache @typescript-eslint/parser@https://registry.npmjs.org/@typescript-eslint/parser/-/parser-8.65.0.tgz 0ms (cache hit)
2596 http cache @typescript-eslint/eslint-plugin@https://registry.npmjs.org/@typescript-eslint/eslint-plugin/-/eslint-plugin-8.65.0.tgz 0ms (cache hit)
2597 http cache get-symbol-description@https://registry.npmjs.org/get-symbol-description/-/get-symbol-description-1.1.0.tgz 0ms (cache hit)
2598 http cache eslint-plugin-import@https://registry.npmjs.org/eslint-plugin-import/-/eslint-plugin-import-2.32.0.tgz 0ms (cache hit)
2599 http cache @rushstack/eslint-patch@https://registry.npmjs.org/@rushstack/eslint-patch/-/eslint-patch-1.16.1.tgz 0ms (cache hit)
2600 http cache @next/eslint-plugin-next@https://registry.npmjs.org/@next/eslint-plugin-next/-/eslint-plugin-next-15.5.22.tgz 0ms (cache hit)
2601 http cache ms@https://registry.npmjs.org/ms/-/ms-2.1.3.tgz 0ms (cache hit)
2602 http cache path-key@https://registry.npmjs.org/path-key/-/path-key-3.1.1.tgz 0ms (cache hit)
2603 http cache which@https://registry.npmjs.org/which/-/which-2.0.2.tgz 0ms (cache hit)
2604 http cache color-name@https://registry.npmjs.org/color-name/-/color-name-1.1.4.tgz 0ms (cache hit)
2605 http cache shebang-command@https://registry.npmjs.org/shebang-command/-/shebang-command-2.0.0.tgz 0ms (cache hit)
2606 http cache ansi-styles@https://registry.npmjs.org/ansi-styles/-/ansi-styles-4.3.0.tgz 0ms (cache hit)
2607 http cache color-convert@https://registry.npmjs.org/color-convert/-/color-convert-2.0.1.tgz 0ms (cache hit)
2608 http cache @rtsao/scc@https://registry.npmjs.org/@rtsao/scc/-/scc-1.1.0.tgz 0ms (cache hit)
2609 http cache supports-color@https://registry.npmjs.org/supports-color/-/supports-color-7.2.0.tgz 0ms (cache hit)
2610 http cache @humanfs/types@https://registry.npmjs.org/@humanfs/types/-/types-0.15.0.tgz 0ms (cache hit)
2611 http cache levn@https://registry.npmjs.org/levn/-/levn-0.4.1.tgz 0ms (cache hit)
2612 http cache strip-json-comments@https://registry.npmjs.org/strip-json-comments/-/strip-json-comments-3.1.1.tgz 0ms (cache hit)
2613 http cache js-yaml@https://registry.npmjs.org/js-yaml/-/js-yaml-4.3.0.tgz 0ms (cache hit)
2614 http cache import-fresh@https://registry.npmjs.org/import-fresh/-/import-fresh-3.3.1.tgz 0ms (cache hit)
2615 http cache @types/json-schema@https://registry.npmjs.org/@types/json-schema/-/json-schema-7.0.15.tgz 0ms (cache hit)
2616 http cache @eslint/object-schema@https://registry.npmjs.org/@eslint/object-schema/-/object-schema-2.1.7.tgz 0ms (cache hit)
2617 http cache globals@https://registry.npmjs.org/globals/-/globals-14.0.0.tgz 0ms (cache hit)
2618 http cache natural-compare@https://registry.npmjs.org/natural-compare/-/natural-compare-1.4.0.tgz 0ms (cache hit)
2619 http cache optionator@https://registry.npmjs.org/optionator/-/optionator-0.9.4.tgz 0ms (cache hit)
2620 http cache minimatch@https://registry.npmjs.org/minimatch/-/minimatch-3.1.5.tgz 0ms (cache hit)
2621 http cache lodash.merge@https://registry.npmjs.org/lodash.merge/-/lodash.merge-4.6.2.tgz 0ms (cache hit)
2622 http cache fast-json-stable-stringify@https://registry.npmjs.org/fast-json-stable-stringify/-/fast-json-stable-stringify-2.1.0.tgz 1ms (cache hit)
2623 http cache @humanfs/core@https://registry.npmjs.org/@humanfs/core/-/core-0.19.2.tgz 0ms (cache hit)
2624 http cache imurmurhash@https://registry.npmjs.org/imurmurhash/-/imurmurhash-0.1.4.tgz 0ms (cache hit)
2625 http cache glob-parent@https://registry.npmjs.org/glob-parent/-/glob-parent-6.0.2.tgz 0ms (cache hit)
2626 http cache ignore@https://registry.npmjs.org/ignore/-/ignore-5.3.2.tgz 0ms (cache hit)
2627 http cache find-up@https://registry.npmjs.org/find-up/-/find-up-5.0.0.tgz 0ms (cache hit)
2628 http cache file-entry-cache@https://registry.npmjs.org/file-entry-cache/-/file-entry-cache-8.0.0.tgz 0ms (cache hit)
2629 http cache uri-js@https://registry.npmjs.org/uri-js/-/uri-js-4.4.1.tgz 0ms (cache hit)
2630 http cache esutils@https://registry.npmjs.org/esutils/-/esutils-2.0.3.tgz 1ms (cache hit)
2631 http cache fast-deep-equal@https://registry.npmjs.org/fast-deep-equal/-/fast-deep-equal-3.1.3.tgz 0ms (cache hit)
2632 http cache esquery@https://registry.npmjs.org/esquery/-/esquery-1.7.0.tgz 0ms (cache hit)
2633 http cache is-glob@https://registry.npmjs.org/is-glob/-/is-glob-4.0.3.tgz 0ms (cache hit)
2634 http cache espree@https://registry.npmjs.org/espree/-/espree-10.4.0.tgz 0ms (cache hit)
2635 http cache eslint-scope@https://registry.npmjs.org/eslint-scope/-/eslint-scope-8.4.0.tgz 0ms (cache hit)
2636 http cache eslint-visitor-keys@https://registry.npmjs.org/eslint-visitor-keys/-/eslint-visitor-keys-4.2.1.tgz 0ms (cache hit)
2637 http cache escape-string-regexp@https://registry.npmjs.org/escape-string-regexp/-/escape-string-regexp-4.0.0.tgz 0ms (cache hit)
2638 http cache debug@https://registry.npmjs.org/debug/-/debug-4.4.3.tgz 0ms (cache hit)
2639 http cache cross-spawn@https://registry.npmjs.org/cross-spawn/-/cross-spawn-7.0.6.tgz 0ms (cache hit)
2640 http cache ajv@https://registry.npmjs.org/ajv/-/ajv-6.15.0.tgz 0ms (cache hit)
2641 http cache @humanwhocodes/retry@https://registry.npmjs.org/@humanwhocodes/retry/-/retry-0.4.3.tgz 0ms (cache hit)
2642 http cache eslint-import-resolver-node@https://registry.npmjs.org/eslint-import-resolver-node/-/eslint-import-resolver-node-0.3.10.tgz 0ms (cache hit)
2643 http cache @humanfs/node@https://registry.npmjs.org/@humanfs/node/-/node-0.16.8.tgz 0ms (cache hit)
2644 http cache @eslint/plugin-kit@https://registry.npmjs.org/@eslint/plugin-kit/-/plugin-kit-0.4.1.tgz 0ms (cache hit)
2645 http cache chalk@https://registry.npmjs.org/chalk/-/chalk-4.1.2.tgz 0ms (cache hit)
2646 http cache @humanwhocodes/module-importer@https://registry.npmjs.org/@humanwhocodes/module-importer/-/module-importer-1.0.1.tgz 0ms (cache hit)
2647 http cache json-schema-traverse@https://registry.npmjs.org/json-schema-traverse/-/json-schema-traverse-0.4.1.tgz 0ms (cache hit)
2648 http cache @eslint/js@https://registry.npmjs.org/@eslint/js/-/js-9.39.5.tgz 0ms (cache hit)
2649 http cache @eslint/eslintrc@https://registry.npmjs.org/@eslint/eslintrc/-/eslintrc-3.3.6.tgz 0ms (cache hit)
2650 http cache csstype@https://registry.npmjs.org/csstype/-/csstype-3.2.3.tgz 0ms (cache hit)
2651 http cache @eslint/config-array@https://registry.npmjs.org/@eslint/config-array/-/config-array-0.21.2.tgz 0ms (cache hit)
2652 http cache @eslint/config-helpers@https://registry.npmjs.org/@eslint/config-helpers/-/config-helpers-0.4.2.tgz 0ms (cache hit)
2653 http cache @eslint-community/regexpp@https://registry.npmjs.org/@eslint-community/regexpp/-/regexpp-4.12.2.tgz 0ms (cache hit)
2654 http cache @eslint/core@https://registry.npmjs.org/@eslint/core/-/core-0.17.0.tgz 0ms (cache hit)
2655 http cache prisma@https://registry.npmjs.org/prisma/-/prisma-6.19.3.tgz 0ms (cache hit)
2656 http cache typescript@https://registry.npmjs.org/typescript/-/typescript-5.9.3.tgz 0ms (cache hit)
2657 http cache @eslint-community/eslint-utils@https://registry.npmjs.org/@eslint-community/eslint-utils/-/eslint-utils-4.10.1.tgz 0ms (cache hit)
2658 http cache undici-types@https://registry.npmjs.org/undici-types/-/undici-types-6.21.0.tgz 0ms (cache hit)
2659 http cache next@https://registry.npmjs.org/next/-/next-15.5.22.tgz 0ms (cache hit)
2660 http cache tsx@https://registry.npmjs.org/tsx/-/tsx-4.23.1.tgz 0ms (cache hit)
2661 http cache react-dom@https://registry.npmjs.org/react-dom/-/react-dom-19.2.8.tgz 0ms (cache hit)
2662 http cache eslint@https://registry.npmjs.org/eslint/-/eslint-9.39.5.tgz 0ms (cache hit)
2663 http cache @types/react-dom@https://registry.npmjs.org/@types/react-dom/-/react-dom-19.2.3.tgz 0ms (cache hit)
2664 http cache json-stable-stringify-without-jsonify@https://registry.npmjs.org/json-stable-stringify-without-jsonify/-/json-stable-stringify-without-jsonify-1.0.1.tgz 0ms (cache hit)
2665 http cache eslint-config-next@https://registry.npmjs.org/eslint-config-next/-/eslint-config-next-15.5.22.tgz 0ms (cache hit)
2666 http cache react@https://registry.npmjs.org/react/-/react-19.2.8.tgz 0ms (cache hit)
2667 http cache @types/estree@https://registry.npmjs.org/@types/estree/-/estree-1.0.9.tgz 0ms (cache hit)
2668 http cache @prisma/client@https://registry.npmjs.org/@prisma/client/-/client-6.19.3.tgz 0ms (cache hit)
2669 http cache semver@https://registry.npmjs.org/semver/-/semver-6.3.1.tgz 0ms (cache hit)
2670 http cache picomatch@https://registry.npmjs.org/picomatch/-/picomatch-4.0.5.tgz 0ms (cache hit)
2671 http cache fdir@https://registry.npmjs.org/fdir/-/fdir-6.5.0.tgz 0ms (cache hit)
2672 http cache brace-expansion@https://registry.npmjs.org/brace-expansion/-/brace-expansion-5.0.9.tgz 0ms (cache hit)
2673 http cache eslint-visitor-keys@https://registry.npmjs.org/eslint-visitor-keys/-/eslint-visitor-keys-5.0.1.tgz 0ms (cache hit)
2674 http cache glob-parent@https://registry.npmjs.org/glob-parent/-/glob-parent-5.1.2.tgz 0ms (cache hit)
2675 http cache balanced-match@https://registry.npmjs.org/balanced-match/-/balanced-match-4.0.4.tgz 0ms (cache hit)
2676 http cache minimatch@https://registry.npmjs.org/minimatch/-/minimatch-10.2.6.tgz 0ms (cache hit)
2677 http cache debug@https://registry.npmjs.org/debug/-/debug-3.2.7.tgz 0ms (cache hit)
2678 http cache semver@https://registry.npmjs.org/semver/-/semver-6.3.1.tgz 0ms (cache hit)
2679 http cache debug@https://registry.npmjs.org/debug/-/debug-3.2.7.tgz 0ms (cache hit)
2680 http cache semver@https://registry.npmjs.org/semver/-/semver-6.3.1.tgz 0ms (cache hit)
2681 http cache debug@https://registry.npmjs.org/debug/-/debug-3.2.7.tgz 0ms (cache hit)
2682 http cache ignore@https://registry.npmjs.org/ignore/-/ignore-7.0.6.tgz 0ms (cache hit)
2683 http cache eslint-visitor-keys@https://registry.npmjs.org/eslint-visitor-keys/-/eslint-visitor-keys-3.4.3.tgz 0ms (cache hit)
2684 silly tarball no local data for is-weakset@https://registry.npmjs.org/is-weakset/-/is-weakset-2.0.4.tgz. Extracting by manifest.
2685 silly tarball no local data for is-map@https://registry.npmjs.org/is-map/-/is-map-2.0.3.tgz. Extracting by manifest.
2686 http cache citty@https://registry.npmjs.org/citty/-/citty-0.2.2.tgz 0ms (cache hit)
2687 http cache @types/node@https://registry.npmjs.org/@types/node/-/node-22.20.1.tgz 1ms (cache hit)
2688 silly tarball no local data for is-weakmap@https://registry.npmjs.org/is-weakmap/-/is-weakmap-2.0.2.tgz. Extracting by manifest.
2689 silly tarball no local data for generator-function@https://registry.npmjs.org/generator-function/-/generator-function-2.0.1.tgz. Extracting by manifest.
2690 silly tarball no local data for async-function@https://registry.npmjs.org/async-function/-/async-function-1.0.0.tgz. Extracting by manifest.
2691 silly tarball no local data for which-collection@https://registry.npmjs.org/which-collection/-/which-collection-1.0.2.tgz. Extracting by manifest.
2692 silly tarball no local data for is-generator-function@https://registry.npmjs.org/is-generator-function/-/is-generator-function-1.1.2.tgz. Extracting by manifest.
2693 silly tarball no local data for is-finalizationregistry@https://registry.npmjs.org/is-finalizationregistry/-/is-finalizationregistry-1.1.1.tgz. Extracting by manifest.
2694 silly tarball no local data for is-async-function@https://registry.npmjs.org/is-async-function/-/is-async-function-2.1.1.tgz. Extracting by manifest.
2695 silly tarball no local data for is-number-object@https://registry.npmjs.org/is-number-object/-/is-number-object-1.1.1.tgz. Extracting by manifest.
2696 silly tarball no local data for is-boolean-object@https://registry.npmjs.org/is-boolean-object/-/is-boolean-object-1.2.2.tgz. Extracting by manifest.
2697 silly tarball no local data for is-bigint@https://registry.npmjs.org/is-bigint/-/is-bigint-1.1.0.tgz. Extracting by manifest.
2698 silly tarball no local data for isexe@https://registry.npmjs.org/isexe/-/isexe-2.0.0.tgz. Extracting by manifest.
2699 silly tarball no local data for napi-postinstall@https://registry.npmjs.org/napi-postinstall/-/napi-postinstall-0.3.4.tgz. Extracting by manifest.
2700 silly tarball no local data for punycode@https://registry.npmjs.org/punycode/-/punycode-2.3.1.tgz. Extracting by manifest.
2701 silly tarball no local data for @unrs/resolver-binding-win32-x64-msvc@https://registry.npmjs.org/@unrs/resolver-binding-win32-x64-msvc/-/resolver-binding-win32-x64-msvc-1.12.2.tgz. Extracting by manifest.
2702 silly tarball no local data for which-boxed-primitive@https://registry.npmjs.org/which-boxed-primitive/-/which-boxed-primitive-1.1.1.tgz. Extracting by manifest.
2703 silly tarball no local data for has-bigints@https://registry.npmjs.org/has-bigints/-/has-bigints-1.1.0.tgz. Extracting by manifest.
2704 silly tarball no local data for which-builtin-type@https://registry.npmjs.org/which-builtin-type/-/which-builtin-type-1.2.1.tgz. Extracting by manifest.
2705 silly tarball no local data for for-each@https://registry.npmjs.org/for-each/-/for-each-0.3.5.tgz. Extracting by manifest.
2706 silly tarball no local data for reflect.getprototypeof@https://registry.npmjs.org/reflect.getprototypeof/-/reflect.getprototypeof-1.0.10.tgz. Extracting by manifest.
2707 silly tarball no local data for @esbuild/win32-x64@https://registry.npmjs.org/@esbuild/win32-x64/-/win32-x64-0.28.1.tgz. Extracting by manifest.
2708 silly tarball no local data for json5@https://registry.npmjs.org/json5/-/json5-1.0.2.tgz. Extracting by manifest.
2709 silly tarball no local data for @types/json5@https://registry.npmjs.org/@types/json5/-/json5-0.0.29.tgz. Extracting by manifest.
2710 silly tarball no local data for has-flag@https://registry.npmjs.org/has-flag/-/has-flag-4.0.0.tgz. Extracting by manifest.
2711 silly tarball no local data for is-number@https://registry.npmjs.org/is-number/-/is-number-7.0.0.tgz. Extracting by manifest.
2712 silly tarball no local data for client-only@https://registry.npmjs.org/client-only/-/client-only-0.0.1.tgz. Extracting by manifest.
2713 silly tarball no local data for side-channel-weakmap@https://registry.npmjs.org/side-channel-weakmap/-/side-channel-weakmap-1.0.2.tgz. Extracting by manifest.
2714 silly tarball no local data for side-channel-map@https://registry.npmjs.org/side-channel-map/-/side-channel-map-1.0.1.tgz. Extracting by manifest.
2715 http cache @types/react@https://registry.npmjs.org/@types/react/-/react-19.2.17.tgz 0ms (cache hit)
2716 silly tarball no local data for @emnapi/runtime@https://registry.npmjs.org/@emnapi/runtime/-/runtime-1.11.3.tgz. Extracting by manifest.
2717 silly tarball no local data for side-channel-list@https://registry.npmjs.org/side-channel-list/-/side-channel-list-1.0.1.tgz. Extracting by manifest.
2718 silly tarball no local data for @img/sharp-win32-x64@https://registry.npmjs.org/@img/sharp-win32-x64/-/sharp-win32-x64-0.34.5.tgz. Extracting by manifest.
2719 silly tarball no local data for esbuild@https://registry.npmjs.org/esbuild/-/esbuild-0.28.1.tgz. Extracting by manifest.
2720 silly tarball no local data for detect-libc@https://registry.npmjs.org/detect-libc/-/detect-libc-2.1.2.tgz. Extracting by manifest.
2721 silly tarball no local data for shebang-regex@https://registry.npmjs.org/shebang-regex/-/shebang-regex-3.0.0.tgz. Extracting by manifest.
2722 silly tarball no local data for @img/colour@https://registry.npmjs.org/@img/colour/-/colour-1.1.0.tgz. Extracting by manifest.
2723 silly tarball no local data for queue-microtask@https://registry.npmjs.org/queue-microtask/-/queue-microtask-1.2.3.tgz. Extracting by manifest.
2724 silly tarball no local data for supports-preserve-symlinks-flag@https://registry.npmjs.org/supports-preserve-symlinks-flag/-/supports-preserve-symlinks-flag-1.0.0.tgz. Extracting by manifest.
2725 silly tarball no local data for path-parse@https://registry.npmjs.org/path-parse/-/path-parse-1.0.7.tgz. Extracting by manifest.
2726 silly tarball no local data for node-exports-info@https://registry.npmjs.org/node-exports-info/-/node-exports-info-1.6.2.tgz. Extracting by manifest.
2727 silly tarball no local data for scheduler@https://registry.npmjs.org/scheduler/-/scheduler-0.27.0.tgz. Extracting by manifest.
2728 silly tarball no local data for destr@https://registry.npmjs.org/destr/-/destr-2.0.5.tgz. Extracting by manifest.
2729 silly tarball no local data for react-is@https://registry.npmjs.org/react-is/-/react-is-16.13.1.tgz. Extracting by manifest.
2730 silly tarball no local data for js-tokens@https://registry.npmjs.org/js-tokens/-/js-tokens-4.0.0.tgz. Extracting by manifest.
2731 silly tarball no local data for object-assign@https://registry.npmjs.org/object-assign/-/object-assign-4.1.1.tgz. Extracting by manifest.
2732 silly tarball no local data for tinyexec@https://registry.npmjs.org/tinyexec/-/tinyexec-1.2.4.tgz. Extracting by manifest.
2733 silly tarball no local data for loose-envify@https://registry.npmjs.org/loose-envify/-/loose-envify-1.4.0.tgz. Extracting by manifest.
2734 silly tarball no local data for nypm@https://registry.npmjs.org/nypm/-/nypm-0.6.9.tgz. Extracting by manifest.
2735 silly tarball no local data for node-fetch-native@https://registry.npmjs.org/node-fetch-native/-/node-fetch-native-1.6.7.tgz. Extracting by manifest.
2736 silly tarball no local data for consola@https://registry.npmjs.org/consola/-/consola-3.4.2.tgz. Extracting by manifest.
2737 silly tarball no local data for pure-rand@https://registry.npmjs.org/pure-rand/-/pure-rand-6.1.0.tgz. Extracting by manifest.
2738 silly tarball no local data for citty@https://registry.npmjs.org/citty/-/citty-0.1.6.tgz. Extracting by manifest.
2739 silly tarball no local data for fast-check@https://registry.npmjs.org/fast-check/-/fast-check-3.23.2.tgz. Extracting by manifest.
2740 silly tarball no local data for strip-bom@https://registry.npmjs.org/strip-bom/-/strip-bom-3.0.0.tgz. Extracting by manifest.
2741 silly tarball no local data for @standard-schema/spec@https://registry.npmjs.org/@standard-schema/spec/-/spec-1.1.0.tgz. Extracting by manifest.
2742 silly tarball no local data for minimist@https://registry.npmjs.org/minimist/-/minimist-1.2.8.tgz. Extracting by manifest.
2743 silly tarball no local data for pkg-types@https://registry.npmjs.org/pkg-types/-/pkg-types-2.3.1.tgz. Extracting by manifest.
2744 silly tarball no local data for perfect-debounce@https://registry.npmjs.org/perfect-debounce/-/perfect-debounce-1.0.0.tgz. Extracting by manifest.
2745 silly tarball no local data for pathe@https://registry.npmjs.org/pathe/-/pathe-2.0.3.tgz. Extracting by manifest.
2746 silly tarball no local data for ohash@https://registry.npmjs.org/ohash/-/ohash-2.0.11.tgz. Extracting by manifest.
2747 silly tarball no local data for jiti@https://registry.npmjs.org/jiti/-/jiti-2.7.0.tgz. Extracting by manifest.
2748 silly tarball no local data for giget@https://registry.npmjs.org/giget/-/giget-2.0.0.tgz. Extracting by manifest.
2749 silly tarball no local data for exsolve@https://registry.npmjs.org/exsolve/-/exsolve-1.1.1.tgz. Extracting by manifest.
2750 silly tarball no local data for isarray@https://registry.npmjs.org/isarray/-/isarray-2.0.5.tgz. Extracting by manifest.
2751 silly tarball no local data for readdirp@https://registry.npmjs.org/readdirp/-/readdirp-4.1.2.tgz. Extracting by manifest.
2752 silly tarball no local data for defu@https://registry.npmjs.org/defu/-/defu-6.1.7.tgz. Extracting by manifest.
2753 silly tarball no local data for @prisma/get-platform@https://registry.npmjs.org/@prisma/get-platform/-/get-platform-6.19.3.tgz. Extracting by manifest.
2754 silly tarball no local data for confbox@https://registry.npmjs.org/confbox/-/confbox-0.2.4.tgz. Extracting by manifest.
2755 silly tarball no local data for chokidar@https://registry.npmjs.org/chokidar/-/chokidar-4.0.3.tgz. Extracting by manifest.
2756 silly tarball no local data for dotenv@https://registry.npmjs.org/dotenv/-/dotenv-16.6.1.tgz. Extracting by manifest.
2757 silly tarball no local data for @prisma/engines-version@https://registry.npmjs.org/@prisma/engines-version/-/engines-version-7.1.1-3.c2990dca591cba766e3b7ef5d9e8a84796e47ab7.tgz. Extracting by manifest.
2758 silly tarball no local data for empathic@https://registry.npmjs.org/empathic/-/empathic-2.0.0.tgz. Extracting by manifest.
2759 silly tarball no local data for @prisma/debug@https://registry.npmjs.org/@prisma/debug/-/debug-6.19.3.tgz. Extracting by manifest.
2760 silly tarball no local data for @prisma/engines@https://registry.npmjs.org/@prisma/engines/-/engines-6.19.3.tgz. Extracting by manifest.
2761 silly tarball no local data for c12@https://registry.npmjs.org/c12/-/c12-3.1.0.tgz. Extracting by manifest.
2762 silly tarball no local data for effect@https://registry.npmjs.org/effect/-/effect-3.21.0.tgz. Extracting by manifest.
2763 silly tarball no local data for @prisma/config@https://registry.npmjs.org/@prisma/config/-/config-6.19.3.tgz. Extracting by manifest.
2764 silly tarball no local data for deepmerge-ts@https://registry.npmjs.org/deepmerge-ts/-/deepmerge-ts-7.1.5.tgz. Extracting by manifest.
2765 silly tarball no local data for source-map-js@https://registry.npmjs.org/source-map-js/-/source-map-js-1.2.1.tgz. Extracting by manifest.
2766 silly tarball no local data for picocolors@https://registry.npmjs.org/picocolors/-/picocolors-1.1.1.tgz. Extracting by manifest.
2767 silly tarball no local data for nanoid@https://registry.npmjs.org/nanoid/-/nanoid-3.3.16.tgz. Extracting by manifest.
2768 silly tarball no local data for callsites@https://registry.npmjs.org/callsites/-/callsites-3.1.0.tgz. Extracting by manifest.
2769 silly tarball no local data for yocto-queue@https://registry.npmjs.org/yocto-queue/-/yocto-queue-0.1.0.tgz. Extracting by manifest.
2770 silly tarball no local data for p-limit@https://registry.npmjs.org/p-limit/-/p-limit-3.1.0.tgz. Extracting by manifest.
2771 silly tarball no local data for fast-levenshtein@https://registry.npmjs.org/fast-levenshtein/-/fast-levenshtein-2.0.6.tgz. Extracting by manifest.
2772 silly tarball no local data for word-wrap@https://registry.npmjs.org/word-wrap/-/word-wrap-1.2.5.tgz. Extracting by manifest.
2773 silly tarball no local data for tslib@https://registry.npmjs.org/tslib/-/tslib-2.8.1.tgz. Extracting by manifest.
2774 silly tarball no local data for deep-is@https://registry.npmjs.org/deep-is/-/deep-is-0.1.4.tgz. Extracting by manifest.
2775 silly tarball no local data for sharp@https://registry.npmjs.org/sharp/-/sharp-0.34.5.tgz. Extracting by manifest.
2776 silly tarball no local data for @prisma/fetch-engine@https://registry.npmjs.org/@prisma/fetch-engine/-/fetch-engine-6.19.3.tgz. Extracting by manifest.
2777 silly tarball no local data for postcss@https://registry.npmjs.org/postcss/-/postcss-8.4.31.tgz. Extracting by manifest.
2778 silly tarball no local data for caniuse-lite@https://registry.npmjs.org/caniuse-lite/-/caniuse-lite-1.0.30001806.tgz. Extracting by manifest.
2779 silly tarball no local data for concat-map@https://registry.npmjs.org/concat-map/-/concat-map-0.0.1.tgz. Extracting by manifest.
2780 silly tarball no local data for @swc/helpers@https://registry.npmjs.org/@swc/helpers/-/helpers-0.5.15.tgz. Extracting by manifest.
2781 silly tarball no local data for balanced-match@https://registry.npmjs.org/balanced-match/-/balanced-match-1.0.2.tgz. Extracting by manifest.
2782 silly tarball no local data for brace-expansion@https://registry.npmjs.org/brace-expansion/-/brace-expansion-1.1.18.tgz. Extracting by manifest.
2783 silly tarball no local data for fill-range@https://registry.npmjs.org/fill-range/-/fill-range-7.1.1.tgz. Extracting by manifest.
2784 silly tarball no local data for to-regex-range@https://registry.npmjs.org/to-regex-range/-/to-regex-range-5.0.1.tgz. Extracting by manifest.
2785 silly tarball no local data for picomatch@https://registry.npmjs.org/picomatch/-/picomatch-2.3.2.tgz. Extracting by manifest.
2786 silly tarball no local data for p-locate@https://registry.npmjs.org/p-locate/-/p-locate-5.0.0.tgz. Extracting by manifest.
2787 silly tarball no local data for braces@https://registry.npmjs.org/braces/-/braces-3.0.3.tgz. Extracting by manifest.
2788 silly tarball no local data for @next/env@https://registry.npmjs.org/@next/env/-/env-15.5.22.tgz. Extracting by manifest.
2789 silly tarball no local data for language-subtag-registry@https://registry.npmjs.org/language-subtag-registry/-/language-subtag-registry-0.3.23.tgz. Extracting by manifest.
2790 silly tarball no local data for prelude-ls@https://registry.npmjs.org/prelude-ls/-/prelude-ls-1.2.1.tgz. Extracting by manifest.
2791 silly tarball no local data for json-buffer@https://registry.npmjs.org/json-buffer/-/json-buffer-3.0.1.tgz. Extracting by manifest.
2792 silly tarball no local data for argparse@https://registry.npmjs.org/argparse/-/argparse-2.0.1.tgz. Extracting by manifest.
2793 silly tarball no local data for side-channel@https://registry.npmjs.org/side-channel/-/side-channel-1.1.1.tgz. Extracting by manifest.
2794 silly tarball no local data for resolve-from@https://registry.npmjs.org/resolve-from/-/resolve-from-4.0.0.tgz. Extracting by manifest.
2795 silly tarball no local data for parent-module@https://registry.npmjs.org/parent-module/-/parent-module-1.0.1.tgz. Extracting by manifest.
2796 silly tarball no local data for resolve-pkg-maps@https://registry.npmjs.org/resolve-pkg-maps/-/resolve-pkg-maps-1.0.0.tgz. Extracting by manifest.
2797 silly tarball no local data for dunder-proto@https://registry.npmjs.org/dunder-proto/-/dunder-proto-1.0.1.tgz. Extracting by manifest.
2798 silly tarball no local data for is-document.all@https://registry.npmjs.org/is-document.all/-/is-document.all-1.0.0.tgz. Extracting by manifest.
2799 silly tarball no local data for functions-have-names@https://registry.npmjs.org/functions-have-names/-/functions-have-names-1.2.3.tgz. Extracting by manifest.
2800 silly tarball no local data for keyv@https://registry.npmjs.org/keyv/-/keyv-4.5.4.tgz. Extracting by manifest.
2801 silly tarball no local data for flatted@https://registry.npmjs.org/flatted/-/flatted-3.4.4.tgz. Extracting by manifest.
2802 silly tarball no local data for path-exists@https://registry.npmjs.org/path-exists/-/path-exists-4.0.0.tgz. Extracting by manifest.
2803 silly tarball no local data for flat-cache@https://registry.npmjs.org/flat-cache/-/flat-cache-4.0.1.tgz. Extracting by manifest.
2804 silly tarball no local data for locate-path@https://registry.npmjs.org/locate-path/-/locate-path-6.0.0.tgz. Extracting by manifest.
2805 silly tarball no local data for set-function-name@https://registry.npmjs.org/set-function-name/-/set-function-name-2.0.2.tgz. Extracting by manifest.
2806 silly tarball no local data for reusify@https://registry.npmjs.org/reusify/-/reusify-1.1.0.tgz. Extracting by manifest.
2807 silly tarball no local data for run-parallel@https://registry.npmjs.org/run-parallel/-/run-parallel-1.2.0.tgz. Extracting by manifest.
2808 silly tarball no local data for is-extglob@https://registry.npmjs.org/is-extglob/-/is-extglob-2.1.1.tgz. Extracting by manifest.
2809 silly tarball no local data for fastq@https://registry.npmjs.org/fastq/-/fastq-1.20.1.tgz. Extracting by manifest.
2810 silly tarball no local data for merge2@https://registry.npmjs.org/merge2/-/merge2-1.4.1.tgz. Extracting by manifest.
2811 silly tarball no local data for @nodelib/fs.scandir@https://registry.npmjs.org/@nodelib/fs.scandir/-/fs.scandir-2.1.5.tgz. Extracting by manifest.
2812 silly tarball no local data for @nodelib/fs.walk@https://registry.npmjs.org/@nodelib/fs.walk/-/fs.walk-1.2.8.tgz. Extracting by manifest.
2813 silly tarball no local data for acorn-jsx@https://registry.npmjs.org/acorn-jsx/-/acorn-jsx-5.3.2.tgz. Extracting by manifest.
2814 silly tarball no local data for @nodelib/fs.stat@https://registry.npmjs.org/@nodelib/fs.stat/-/fs.stat-2.0.5.tgz. Extracting by manifest.
2815 silly tarball no local data for acorn@https://registry.npmjs.org/acorn/-/acorn-8.18.0.tgz. Extracting by manifest.
2816 silly tarball no local data for esrecurse@https://registry.npmjs.org/esrecurse/-/esrecurse-4.3.0.tgz. Extracting by manifest.
2817 silly tarball no local data for iterator.prototype@https://registry.npmjs.org/iterator.prototype/-/iterator.prototype-1.1.5.tgz. Extracting by manifest.
2818 silly tarball no local data for string.prototype.repeat@https://registry.npmjs.org/string.prototype.repeat/-/string.prototype.repeat-1.0.0.tgz. Extracting by manifest.
2819 silly tarball no local data for string.prototype.matchall@https://registry.npmjs.org/string.prototype.matchall/-/string.prototype.matchall-4.0.12.tgz. Extracting by manifest.
2820 silly tarball no local data for prop-types@https://registry.npmjs.org/prop-types/-/prop-types-15.8.1.tgz. Extracting by manifest.
2821 silly tarball no local data for micromatch@https://registry.npmjs.org/micromatch/-/micromatch-4.0.8.tgz. Extracting by manifest.
2822 silly tarball no local data for rc9@https://registry.npmjs.org/rc9/-/rc9-2.1.2.tgz. Extracting by manifest.
2823 silly tarball no local data for estraverse@https://registry.npmjs.org/estraverse/-/estraverse-5.3.0.tgz. Extracting by manifest.
2824 silly tarball no local data for es-iterator-helpers@https://registry.npmjs.org/es-iterator-helpers/-/es-iterator-helpers-1.4.0.tgz. Extracting by manifest.
2825 silly tarball no local data for array.prototype.tosorted@https://registry.npmjs.org/array.prototype.tosorted/-/array.prototype.tosorted-1.1.4.tgz. Extracting by manifest.
2826 silly tarball no local data for type-check@https://registry.npmjs.org/type-check/-/type-check-0.4.0.tgz. Extracting by manifest.
2827 silly tarball no local data for array.prototype.findlast@https://registry.npmjs.org/array.prototype.findlast/-/array.prototype.findlast-1.2.5.tgz. Extracting by manifest.
2828 silly tarball no local data for string.prototype.includes@https://registry.npmjs.org/string.prototype.includes/-/string.prototype.includes-2.0.1.tgz. Extracting by manifest.
2829 silly tarball no local data for jsx-ast-utils@https://registry.npmjs.org/jsx-ast-utils/-/jsx-ast-utils-3.3.5.tgz. Extracting by manifest.
2830 silly tarball no local data for emoji-regex@https://registry.npmjs.org/emoji-regex/-/emoji-regex-9.2.2.tgz. Extracting by manifest.
2831 silly tarball no local data for damerau-levenshtein@https://registry.npmjs.org/damerau-levenshtein/-/damerau-levenshtein-1.0.8.tgz. Extracting by manifest.
2832 silly tarball no local data for axobject-query@https://registry.npmjs.org/axobject-query/-/axobject-query-4.1.0.tgz. Extracting by manifest.
2833 silly tarball no local data for axe-core@https://registry.npmjs.org/axe-core/-/axe-core-4.12.1.tgz. Extracting by manifest.
2834 silly tarball no local data for styled-jsx@https://registry.npmjs.org/styled-jsx/-/styled-jsx-5.1.6.tgz. Extracting by manifest.
2835 silly tarball no local data for ast-types-flow@https://registry.npmjs.org/ast-types-flow/-/ast-types-flow-0.0.8.tgz. Extracting by manifest.
2836 silly tarball no local data for aria-query@https://registry.npmjs.org/aria-query/-/aria-query-5.3.2.tgz. Extracting by manifest.
2837 silly tarball no local data for is-symbol@https://registry.npmjs.org/is-symbol/-/is-symbol-1.1.1.tgz. Extracting by manifest.
2838 silly tarball no local data for is-date-object@https://registry.npmjs.org/is-date-object/-/is-date-object-1.1.0.tgz. Extracting by manifest.
2839 silly tarball no local data for es-abstract-get@https://registry.npmjs.org/es-abstract-get/-/es-abstract-get-1.0.0.tgz. Extracting by manifest.
2840 silly tarball no local data for has-tostringtag@https://registry.npmjs.org/has-tostringtag/-/has-tostringtag-1.0.2.tgz. Extracting by manifest.
2841 silly tarball no local data for language-tags@https://registry.npmjs.org/language-tags/-/language-tags-1.0.9.tgz. Extracting by manifest.
2842 silly tarball no local data for possible-typed-array-names@https://registry.npmjs.org/possible-typed-array-names/-/possible-typed-array-names-1.1.0.tgz. Extracting by manifest.
2843 silly tarball no local data for which-typed-array@https://registry.npmjs.org/which-typed-array/-/which-typed-array-1.1.22.tgz. Extracting by manifest.
2844 silly tarball no local data for unbox-primitive@https://registry.npmjs.org/unbox-primitive/-/unbox-primitive-1.1.0.tgz. Extracting by manifest.
2845 silly tarball no local data for typed-array-length@https://registry.npmjs.org/typed-array-length/-/typed-array-length-1.0.8.tgz. Extracting by manifest.
2846 silly tarball no local data for typed-array-byte-offset@https://registry.npmjs.org/typed-array-byte-offset/-/typed-array-byte-offset-1.0.4.tgz. Extracting by manifest.
2847 silly tarball no local data for typed-array-buffer@https://registry.npmjs.org/typed-array-buffer/-/typed-array-buffer-1.0.3.tgz. Extracting by manifest.
2848 silly tarball no local data for typed-array-byte-length@https://registry.npmjs.org/typed-array-byte-length/-/typed-array-byte-length-1.0.3.tgz. Extracting by manifest.
2849 silly tarball no local data for string.prototype.trimstart@https://registry.npmjs.org/string.prototype.trimstart/-/string.prototype.trimstart-1.0.8.tgz. Extracting by manifest.
2850 silly tarball no local data for string.prototype.trim@https://registry.npmjs.org/string.prototype.trim/-/string.prototype.trim-1.2.11.tgz. Extracting by manifest.
2851 silly tarball no local data for stop-iteration-iterator@https://registry.npmjs.org/stop-iteration-iterator/-/stop-iteration-iterator-1.1.0.tgz. Extracting by manifest.
2852 silly tarball no local data for set-proto@https://registry.npmjs.org/set-proto/-/set-proto-1.0.0.tgz. Extracting by manifest.
2853 silly tarball no local data for safe-regex-test@https://registry.npmjs.org/safe-regex-test/-/safe-regex-test-1.1.0.tgz. Extracting by manifest.
2854 silly tarball no local data for safe-push-apply@https://registry.npmjs.org/safe-push-apply/-/safe-push-apply-1.0.0.tgz. Extracting by manifest.
2855 silly tarball no local data for safe-array-concat@https://registry.npmjs.org/safe-array-concat/-/safe-array-concat-1.1.4.tgz. Extracting by manifest.
2856 silly tarball no local data for regexp.prototype.flags@https://registry.npmjs.org/regexp.prototype.flags/-/regexp.prototype.flags-1.5.4.tgz. Extracting by manifest.
2857 silly tarball no local data for own-keys@https://registry.npmjs.org/own-keys/-/own-keys-1.0.2.tgz. Extracting by manifest.
2858 silly tarball no local data for object.assign@https://registry.npmjs.org/object.assign/-/object.assign-4.1.7.tgz. Extracting by manifest.
2859 silly tarball no local data for is-weakref@https://registry.npmjs.org/is-weakref/-/is-weakref-1.1.1.tgz. Extracting by manifest.
2860 silly tarball no local data for object-inspect@https://registry.npmjs.org/object-inspect/-/object-inspect-1.13.4.tgz. Extracting by manifest.
2861 silly tarball no local data for object.entries@https://registry.npmjs.org/object.entries/-/object.entries-1.1.9.tgz. Extracting by manifest.
2862 silly tarball no local data for is-shared-array-buffer@https://registry.npmjs.org/is-shared-array-buffer/-/is-shared-array-buffer-1.0.4.tgz. Extracting by manifest.
2863 silly tarball no local data for is-set@https://registry.npmjs.org/is-set/-/is-set-2.0.3.tgz. Extracting by manifest.
2864 silly tarball no local data for is-negative-zero@https://registry.npmjs.org/is-negative-zero/-/is-negative-zero-2.0.3.tgz. Extracting by manifest.
2865 silly tarball no local data for is-callable@https://registry.npmjs.org/is-callable/-/is-callable-1.2.7.tgz. Extracting by manifest.
2866 silly tarball no local data for is-regex@https://registry.npmjs.org/is-regex/-/is-regex-1.2.1.tgz. Extracting by manifest.
2867 silly tarball no local data for is-data-view@https://registry.npmjs.org/is-data-view/-/is-data-view-1.0.2.tgz. Extracting by manifest.
2868 silly tarball no local data for has-symbols@https://registry.npmjs.org/has-symbols/-/has-symbols-1.1.0.tgz. Extracting by manifest.
2869 silly tarball no local data for internal-slot@https://registry.npmjs.org/internal-slot/-/internal-slot-1.1.0.tgz. Extracting by manifest.
2870 silly tarball no local data for globalthis@https://registry.npmjs.org/globalthis/-/globalthis-1.0.4.tgz. Extracting by manifest.
2871 silly tarball no local data for function.prototype.name@https://registry.npmjs.org/function.prototype.name/-/function.prototype.name-1.2.0.tgz. Extracting by manifest.
2872 silly tarball no local data for get-proto@https://registry.npmjs.org/get-proto/-/get-proto-1.0.1.tgz. Extracting by manifest.
2873 silly tarball no local data for has-proto@https://registry.npmjs.org/has-proto/-/has-proto-1.2.0.tgz. Extracting by manifest.
2874 silly tarball no local data for es-to-primitive@https://registry.npmjs.org/es-to-primitive/-/es-to-primitive-1.3.4.tgz. Extracting by manifest.
2875 silly tarball no local data for is-array-buffer@https://registry.npmjs.org/is-array-buffer/-/is-array-buffer-3.0.5.tgz. Extracting by manifest.
2876 silly tarball no local data for data-view-byte-offset@https://registry.npmjs.org/data-view-byte-offset/-/data-view-byte-offset-1.0.1.tgz. Extracting by manifest.
2877 silly tarball no local data for data-view-buffer@https://registry.npmjs.org/data-view-buffer/-/data-view-buffer-1.0.2.tgz. Extracting by manifest.
2878 silly tarball no local data for data-view-byte-length@https://registry.npmjs.org/data-view-byte-length/-/data-view-byte-length-1.0.2.tgz. Extracting by manifest.
2879 silly tarball no local data for es-set-tostringtag@https://registry.npmjs.org/es-set-tostringtag/-/es-set-tostringtag-2.1.0.tgz. Extracting by manifest.
2880 silly tarball no local data for available-typed-arrays@https://registry.npmjs.org/available-typed-arrays/-/available-typed-arrays-1.0.7.tgz. Extracting by manifest.
2881 silly tarball no local data for arraybuffer.prototype.slice@https://registry.npmjs.org/arraybuffer.prototype.slice/-/arraybuffer.prototype.slice-1.0.4.tgz. Extracting by manifest.
2882 silly tarball no local data for array-buffer-byte-length@https://registry.npmjs.org/array-buffer-byte-length/-/array-buffer-byte-length-1.0.2.tgz. Extracting by manifest.
2883 silly tarball no local data for has-property-descriptors@https://registry.npmjs.org/has-property-descriptors/-/has-property-descriptors-1.0.2.tgz. Extracting by manifest.
2884 silly tarball no local data for object-keys@https://registry.npmjs.org/object-keys/-/object-keys-1.1.1.tgz. Extracting by manifest.
2885 silly tarball no local data for define-data-property@https://registry.npmjs.org/define-data-property/-/define-data-property-1.1.4.tgz. Extracting by manifest.
2886 silly tarball no local data for gopd@https://registry.npmjs.org/gopd/-/gopd-1.2.0.tgz. Extracting by manifest.
2887 silly tarball no local data for es-define-property@https://registry.npmjs.org/es-define-property/-/es-define-property-1.0.1.tgz. Extracting by manifest.
2888 silly tarball no local data for set-function-length@https://registry.npmjs.org/set-function-length/-/set-function-length-1.2.2.tgz. Extracting by manifest.
2889 silly tarball no local data for is-string@https://registry.npmjs.org/is-string/-/is-string-1.1.1.tgz. Extracting by manifest.
2890 silly tarball no local data for es-errors@https://registry.npmjs.org/es-errors/-/es-errors-1.3.0.tgz. Extracting by manifest.
2891 silly tarball no local data for function-bind@https://registry.npmjs.org/function-bind/-/function-bind-1.1.2.tgz. Extracting by manifest.
2892 silly tarball no local data for math-intrinsics@https://registry.npmjs.org/math-intrinsics/-/math-intrinsics-1.1.0.tgz. Extracting by manifest.
2893 silly tarball no local data for get-intrinsic@https://registry.npmjs.org/get-intrinsic/-/get-intrinsic-1.3.0.tgz. Extracting by manifest.
2894 silly tarball no local data for es-abstract@https://registry.npmjs.org/es-abstract/-/es-abstract-1.24.2.tgz. Extracting by manifest.
2895 silly tarball no local data for define-properties@https://registry.npmjs.org/define-properties/-/define-properties-1.2.1.tgz. Extracting by manifest.
2896 silly tarball no local data for es-shim-unscopables@https://registry.npmjs.org/es-shim-unscopables/-/es-shim-unscopables-1.1.0.tgz. Extracting by manifest.
2897 silly tarball no local data for call-bind@https://registry.npmjs.org/call-bind/-/call-bind-1.0.9.tgz. Extracting by manifest.
2898 silly tarball no local data for object.values@https://registry.npmjs.org/object.values/-/object.values-1.2.1.tgz. Extracting by manifest.
2899 silly tarball no local data for object.groupby@https://registry.npmjs.org/object.groupby/-/object.groupby-1.0.3.tgz. Extracting by manifest.
2900 silly tarball no local data for string.prototype.trimend@https://registry.npmjs.org/string.prototype.trimend/-/string.prototype.trimend-1.0.10.tgz. Extracting by manifest.
2901 silly tarball no local data for object.fromentries@https://registry.npmjs.org/object.fromentries/-/object.fromentries-2.0.8.tgz. Extracting by manifest.
2902 silly tarball no local data for hasown@https://registry.npmjs.org/hasown/-/hasown-2.0.4.tgz. Extracting by manifest.
2903 silly tarball no local data for doctrine@https://registry.npmjs.org/doctrine/-/doctrine-2.1.0.tgz. Extracting by manifest.
2904 silly tarball no local data for eslint-module-utils@https://registry.npmjs.org/eslint-module-utils/-/eslint-module-utils-2.14.0.tgz. Extracting by manifest.
2905 silly tarball no local data for array.prototype.flatmap@https://registry.npmjs.org/array.prototype.flatmap/-/array.prototype.flatmap-1.3.3.tgz. Extracting by manifest.
2906 silly tarball no local data for array-includes@https://registry.npmjs.org/array-includes/-/array-includes-3.1.9.tgz. Extracting by manifest.
2907 silly tarball no local data for array.prototype.flat@https://registry.npmjs.org/array.prototype.flat/-/array.prototype.flat-1.3.3.tgz. Extracting by manifest.
2908 silly tarball no local data for call-bound@https://registry.npmjs.org/call-bound/-/call-bound-1.0.4.tgz. Extracting by manifest.
2909 silly tarball no local data for unrs-resolver@https://registry.npmjs.org/unrs-resolver/-/unrs-resolver-1.12.2.tgz. Extracting by manifest.
2910 silly tarball no local data for array.prototype.findlastindex@https://registry.npmjs.org/array.prototype.findlastindex/-/array.prototype.findlastindex-1.2.6.tgz. Extracting by manifest.
2911 silly tarball no local data for is-typed-array@https://registry.npmjs.org/is-typed-array/-/is-typed-array-1.1.15.tgz. Extracting by manifest.
2912 silly tarball no local data for stable-hash@https://registry.npmjs.org/stable-hash/-/stable-hash-0.0.5.tgz. Extracting by manifest.
2913 silly tarball no local data for is-bun-module@https://registry.npmjs.org/is-bun-module/-/is-bun-module-2.0.0.tgz. Extracting by manifest.
2914 silly tarball no local data for resolve@https://registry.npmjs.org/resolve/-/resolve-2.0.0-next.7.tgz. Extracting by manifest.
2915 silly tarball no local data for @nolyfill/is-core-module@https://registry.npmjs.org/@nolyfill/is-core-module/-/is-core-module-1.0.39.tgz. Extracting by manifest.
2916 silly tarball no local data for get-tsconfig@https://registry.npmjs.org/get-tsconfig/-/get-tsconfig-4.14.0.tgz. Extracting by manifest.
2917 silly tarball no local data for is-core-module@https://registry.npmjs.org/is-core-module/-/is-core-module-2.16.2.tgz. Extracting by manifest.
2918 silly tarball no local data for @typescript-eslint/typescript-estree@https://registry.npmjs.org/@typescript-eslint/typescript-estree/-/typescript-estree-8.65.0.tgz. Extracting by manifest.
2919 silly tarball no local data for call-bind-apply-helpers@https://registry.npmjs.org/call-bind-apply-helpers/-/call-bind-apply-helpers-1.0.2.tgz. Extracting by manifest.
2920 silly tarball no local data for tinyglobby@https://registry.npmjs.org/tinyglobby/-/tinyglobby-0.2.17.tgz. Extracting by manifest.
2921 silly tarball no local data for @typescript-eslint/tsconfig-utils@https://registry.npmjs.org/@typescript-eslint/tsconfig-utils/-/tsconfig-utils-8.65.0.tgz. Extracting by manifest.
2922 silly tarball no local data for semver@https://registry.npmjs.org/semver/-/semver-7.8.5.tgz. Extracting by manifest.
2923 silly tarball no local data for @typescript-eslint/types@https://registry.npmjs.org/@typescript-eslint/types/-/types-8.65.0.tgz. Extracting by manifest.
2924 silly tarball no local data for @typescript-eslint/project-service@https://registry.npmjs.org/@typescript-eslint/project-service/-/project-service-8.65.0.tgz. Extracting by manifest.
2925 silly tarball no local data for ts-api-utils@https://registry.npmjs.org/ts-api-utils/-/ts-api-utils-2.5.0.tgz. Extracting by manifest.
2926 silly tarball no local data for @typescript-eslint/visitor-keys@https://registry.npmjs.org/@typescript-eslint/visitor-keys/-/visitor-keys-8.65.0.tgz. Extracting by manifest.
2927 silly tarball no local data for @typescript-eslint/utils@https://registry.npmjs.org/@typescript-eslint/utils/-/utils-8.65.0.tgz. Extracting by manifest.
2928 silly tarball no local data for @typescript-eslint/type-utils@https://registry.npmjs.org/@typescript-eslint/type-utils/-/type-utils-8.65.0.tgz. Extracting by manifest.
2929 silly tarball no local data for @typescript-eslint/scope-manager@https://registry.npmjs.org/@typescript-eslint/scope-manager/-/scope-manager-8.65.0.tgz. Extracting by manifest.
2930 silly tarball no local data for fast-glob@https://registry.npmjs.org/fast-glob/-/fast-glob-3.3.1.tgz. Extracting by manifest.
2931 silly tarball no local data for eslint-plugin-react-hooks@https://registry.npmjs.org/eslint-plugin-react-hooks/-/eslint-plugin-react-hooks-5.2.0.tgz. Extracting by manifest.
2932 silly tarball no local data for eslint-plugin-react@https://registry.npmjs.org/eslint-plugin-react/-/eslint-plugin-react-7.37.5.tgz. Extracting by manifest.
2933 silly tarball no local data for tsconfig-paths@https://registry.npmjs.org/tsconfig-paths/-/tsconfig-paths-3.15.0.tgz. Extracting by manifest.
2934 silly tarball no local data for @next/swc-win32-x64-msvc@https://registry.npmjs.org/@next/swc-win32-x64-msvc/-/swc-win32-x64-msvc-15.5.22.tgz. Extracting by manifest.
2935 silly tarball no local data for eslint-plugin-jsx-a11y@https://registry.npmjs.org/eslint-plugin-jsx-a11y/-/eslint-plugin-jsx-a11y-6.10.2.tgz. Extracting by manifest.
2936 silly tarball no local data for es-object-atoms@https://registry.npmjs.org/es-object-atoms/-/es-object-atoms-1.1.2.tgz. Extracting by manifest.
2937 silly tarball no local data for eslint-import-resolver-typescript@https://registry.npmjs.org/eslint-import-resolver-typescript/-/eslint-import-resolver-typescript-3.10.1.tgz. Extracting by manifest.
2938 silly tarball no local data for @typescript-eslint/parser@https://registry.npmjs.org/@typescript-eslint/parser/-/parser-8.65.0.tgz. Extracting by manifest.
2939 silly tarball no local data for @typescript-eslint/eslint-plugin@https://registry.npmjs.org/@typescript-eslint/eslint-plugin/-/eslint-plugin-8.65.0.tgz. Extracting by manifest.
2940 silly tarball no local data for get-symbol-description@https://registry.npmjs.org/get-symbol-description/-/get-symbol-description-1.1.0.tgz. Extracting by manifest.
2941 silly tarball no local data for eslint-plugin-import@https://registry.npmjs.org/eslint-plugin-import/-/eslint-plugin-import-2.32.0.tgz. Extracting by manifest.
2942 silly tarball no local data for @rushstack/eslint-patch@https://registry.npmjs.org/@rushstack/eslint-patch/-/eslint-patch-1.16.1.tgz. Extracting by manifest.
2943 silly tarball no local data for @next/eslint-plugin-next@https://registry.npmjs.org/@next/eslint-plugin-next/-/eslint-plugin-next-15.5.22.tgz. Extracting by manifest.
2944 silly tarball no local data for ms@https://registry.npmjs.org/ms/-/ms-2.1.3.tgz. Extracting by manifest.
2945 silly tarball no local data for path-key@https://registry.npmjs.org/path-key/-/path-key-3.1.1.tgz. Extracting by manifest.
2946 silly tarball no local data for which@https://registry.npmjs.org/which/-/which-2.0.2.tgz. Extracting by manifest.
2947 silly tarball no local data for color-name@https://registry.npmjs.org/color-name/-/color-name-1.1.4.tgz. Extracting by manifest.
2948 silly tarball no local data for shebang-command@https://registry.npmjs.org/shebang-command/-/shebang-command-2.0.0.tgz. Extracting by manifest.
2949 silly tarball no local data for ansi-styles@https://registry.npmjs.org/ansi-styles/-/ansi-styles-4.3.0.tgz. Extracting by manifest.
2950 silly tarball no local data for color-convert@https://registry.npmjs.org/color-convert/-/color-convert-2.0.1.tgz. Extracting by manifest.
2951 silly tarball no local data for @rtsao/scc@https://registry.npmjs.org/@rtsao/scc/-/scc-1.1.0.tgz. Extracting by manifest.
2952 silly tarball no local data for supports-color@https://registry.npmjs.org/supports-color/-/supports-color-7.2.0.tgz. Extracting by manifest.
2953 silly tarball no local data for @humanfs/types@https://registry.npmjs.org/@humanfs/types/-/types-0.15.0.tgz. Extracting by manifest.
2954 silly tarball no local data for levn@https://registry.npmjs.org/levn/-/levn-0.4.1.tgz. Extracting by manifest.
2955 silly tarball no local data for strip-json-comments@https://registry.npmjs.org/strip-json-comments/-/strip-json-comments-3.1.1.tgz. Extracting by manifest.
2956 silly tarball no local data for js-yaml@https://registry.npmjs.org/js-yaml/-/js-yaml-4.3.0.tgz. Extracting by manifest.
2957 silly tarball no local data for import-fresh@https://registry.npmjs.org/import-fresh/-/import-fresh-3.3.1.tgz. Extracting by manifest.
2958 silly tarball no local data for @types/json-schema@https://registry.npmjs.org/@types/json-schema/-/json-schema-7.0.15.tgz. Extracting by manifest.
2959 silly tarball no local data for @eslint/object-schema@https://registry.npmjs.org/@eslint/object-schema/-/object-schema-2.1.7.tgz. Extracting by manifest.
2960 silly tarball no local data for globals@https://registry.npmjs.org/globals/-/globals-14.0.0.tgz. Extracting by manifest.
2961 silly tarball no local data for natural-compare@https://registry.npmjs.org/natural-compare/-/natural-compare-1.4.0.tgz. Extracting by manifest.
2962 silly tarball no local data for optionator@https://registry.npmjs.org/optionator/-/optionator-0.9.4.tgz. Extracting by manifest.
2963 silly tarball no local data for minimatch@https://registry.npmjs.org/minimatch/-/minimatch-3.1.5.tgz. Extracting by manifest.
2964 silly tarball no local data for lodash.merge@https://registry.npmjs.org/lodash.merge/-/lodash.merge-4.6.2.tgz. Extracting by manifest.
2965 silly tarball no local data for fast-json-stable-stringify@https://registry.npmjs.org/fast-json-stable-stringify/-/fast-json-stable-stringify-2.1.0.tgz. Extracting by manifest.
2966 silly tarball no local data for @humanfs/core@https://registry.npmjs.org/@humanfs/core/-/core-0.19.2.tgz. Extracting by manifest.
2967 silly tarball no local data for imurmurhash@https://registry.npmjs.org/imurmurhash/-/imurmurhash-0.1.4.tgz. Extracting by manifest.
2968 silly tarball no local data for glob-parent@https://registry.npmjs.org/glob-parent/-/glob-parent-6.0.2.tgz. Extracting by manifest.
2969 silly tarball no local data for ignore@https://registry.npmjs.org/ignore/-/ignore-5.3.2.tgz. Extracting by manifest.
2970 silly tarball no local data for find-up@https://registry.npmjs.org/find-up/-/find-up-5.0.0.tgz. Extracting by manifest.
2971 silly tarball no local data for file-entry-cache@https://registry.npmjs.org/file-entry-cache/-/file-entry-cache-8.0.0.tgz. Extracting by manifest.
2972 silly tarball no local data for uri-js@https://registry.npmjs.org/uri-js/-/uri-js-4.4.1.tgz. Extracting by manifest.
2973 silly tarball no local data for esutils@https://registry.npmjs.org/esutils/-/esutils-2.0.3.tgz. Extracting by manifest.
2974 silly tarball no local data for fast-deep-equal@https://registry.npmjs.org/fast-deep-equal/-/fast-deep-equal-3.1.3.tgz. Extracting by manifest.
2975 silly tarball no local data for esquery@https://registry.npmjs.org/esquery/-/esquery-1.7.0.tgz. Extracting by manifest.
2976 silly tarball no local data for is-glob@https://registry.npmjs.org/is-glob/-/is-glob-4.0.3.tgz. Extracting by manifest.
2977 silly tarball no local data for espree@https://registry.npmjs.org/espree/-/espree-10.4.0.tgz. Extracting by manifest.
2978 silly tarball no local data for eslint-scope@https://registry.npmjs.org/eslint-scope/-/eslint-scope-8.4.0.tgz. Extracting by manifest.
2979 silly tarball no local data for eslint-visitor-keys@https://registry.npmjs.org/eslint-visitor-keys/-/eslint-visitor-keys-4.2.1.tgz. Extracting by manifest.
2980 silly tarball no local data for escape-string-regexp@https://registry.npmjs.org/escape-string-regexp/-/escape-string-regexp-4.0.0.tgz. Extracting by manifest.
2981 silly tarball no local data for debug@https://registry.npmjs.org/debug/-/debug-4.4.3.tgz. Extracting by manifest.
2982 silly tarball no local data for cross-spawn@https://registry.npmjs.org/cross-spawn/-/cross-spawn-7.0.6.tgz. Extracting by manifest.
2983 silly tarball no local data for ajv@https://registry.npmjs.org/ajv/-/ajv-6.15.0.tgz. Extracting by manifest.
2984 silly tarball no local data for @humanwhocodes/retry@https://registry.npmjs.org/@humanwhocodes/retry/-/retry-0.4.3.tgz. Extracting by manifest.
2985 silly tarball no local data for eslint-import-resolver-node@https://registry.npmjs.org/eslint-import-resolver-node/-/eslint-import-resolver-node-0.3.10.tgz. Extracting by manifest.
2986 silly tarball no local data for @humanfs/node@https://registry.npmjs.org/@humanfs/node/-/node-0.16.8.tgz. Extracting by manifest.
2987 silly tarball no local data for @eslint/plugin-kit@https://registry.npmjs.org/@eslint/plugin-kit/-/plugin-kit-0.4.1.tgz. Extracting by manifest.
2988 silly tarball no local data for chalk@https://registry.npmjs.org/chalk/-/chalk-4.1.2.tgz. Extracting by manifest.
2989 silly tarball no local data for @humanwhocodes/module-importer@https://registry.npmjs.org/@humanwhocodes/module-importer/-/module-importer-1.0.1.tgz. Extracting by manifest.
2990 silly tarball no local data for json-schema-traverse@https://registry.npmjs.org/json-schema-traverse/-/json-schema-traverse-0.4.1.tgz. Extracting by manifest.
2991 silly tarball no local data for @eslint/js@https://registry.npmjs.org/@eslint/js/-/js-9.39.5.tgz. Extracting by manifest.
2992 silly tarball no local data for @eslint/eslintrc@https://registry.npmjs.org/@eslint/eslintrc/-/eslintrc-3.3.6.tgz. Extracting by manifest.
2993 silly tarball no local data for csstype@https://registry.npmjs.org/csstype/-/csstype-3.2.3.tgz. Extracting by manifest.
2994 silly tarball no local data for @eslint/config-array@https://registry.npmjs.org/@eslint/config-array/-/config-array-0.21.2.tgz. Extracting by manifest.
2995 silly tarball no local data for @eslint/config-helpers@https://registry.npmjs.org/@eslint/config-helpers/-/config-helpers-0.4.2.tgz. Extracting by manifest.
2996 silly tarball no local data for @eslint-community/regexpp@https://registry.npmjs.org/@eslint-community/regexpp/-/regexpp-4.12.2.tgz. Extracting by manifest.
2997 silly tarball no local data for @eslint/core@https://registry.npmjs.org/@eslint/core/-/core-0.17.0.tgz. Extracting by manifest.
2998 silly tarball no local data for prisma@https://registry.npmjs.org/prisma/-/prisma-6.19.3.tgz. Extracting by manifest.
2999 silly tarball no local data for typescript@https://registry.npmjs.org/typescript/-/typescript-5.9.3.tgz. Extracting by manifest.
3000 silly tarball no local data for @eslint-community/eslint-utils@https://registry.npmjs.org/@eslint-community/eslint-utils/-/eslint-utils-4.10.1.tgz. Extracting by manifest.
3001 silly tarball no local data for undici-types@https://registry.npmjs.org/undici-types/-/undici-types-6.21.0.tgz. Extracting by manifest.
3002 silly tarball no local data for next@https://registry.npmjs.org/next/-/next-15.5.22.tgz. Extracting by manifest.
3003 silly tarball no local data for tsx@https://registry.npmjs.org/tsx/-/tsx-4.23.1.tgz. Extracting by manifest.
3004 silly tarball no local data for react-dom@https://registry.npmjs.org/react-dom/-/react-dom-19.2.8.tgz. Extracting by manifest.
3005 silly tarball no local data for eslint@https://registry.npmjs.org/eslint/-/eslint-9.39.5.tgz. Extracting by manifest.
3006 silly tarball no local data for @types/react-dom@https://registry.npmjs.org/@types/react-dom/-/react-dom-19.2.3.tgz. Extracting by manifest.
3007 silly tarball no local data for json-stable-stringify-without-jsonify@https://registry.npmjs.org/json-stable-stringify-without-jsonify/-/json-stable-stringify-without-jsonify-1.0.1.tgz. Extracting by manifest.
3008 silly tarball no local data for eslint-config-next@https://registry.npmjs.org/eslint-config-next/-/eslint-config-next-15.5.22.tgz. Extracting by manifest.
3009 silly tarball no local data for react@https://registry.npmjs.org/react/-/react-19.2.8.tgz. Extracting by manifest.
3010 silly tarball no local data for @types/estree@https://registry.npmjs.org/@types/estree/-/estree-1.0.9.tgz. Extracting by manifest.
3011 silly tarball no local data for @prisma/client@https://registry.npmjs.org/@prisma/client/-/client-6.19.3.tgz. Extracting by manifest.
3012 silly tarball no local data for semver@https://registry.npmjs.org/semver/-/semver-6.3.1.tgz. Extracting by manifest.
3013 silly tarball no local data for picomatch@https://registry.npmjs.org/picomatch/-/picomatch-4.0.5.tgz. Extracting by manifest.
3014 silly tarball no local data for fdir@https://registry.npmjs.org/fdir/-/fdir-6.5.0.tgz. Extracting by manifest.
3015 silly tarball no local data for brace-expansion@https://registry.npmjs.org/brace-expansion/-/brace-expansion-5.0.9.tgz. Extracting by manifest.
3016 silly tarball no local data for eslint-visitor-keys@https://registry.npmjs.org/eslint-visitor-keys/-/eslint-visitor-keys-5.0.1.tgz. Extracting by manifest.
3017 silly tarball no local data for glob-parent@https://registry.npmjs.org/glob-parent/-/glob-parent-5.1.2.tgz. Extracting by manifest.
3018 silly tarball no local data for balanced-match@https://registry.npmjs.org/balanced-match/-/balanced-match-4.0.4.tgz. Extracting by manifest.
3019 silly tarball no local data for minimatch@https://registry.npmjs.org/minimatch/-/minimatch-10.2.6.tgz. Extracting by manifest.
3020 silly tarball no local data for debug@https://registry.npmjs.org/debug/-/debug-3.2.7.tgz. Extracting by manifest.
3021 silly tarball no local data for semver@https://registry.npmjs.org/semver/-/semver-6.3.1.tgz. Extracting by manifest.
3022 silly tarball no local data for debug@https://registry.npmjs.org/debug/-/debug-3.2.7.tgz. Extracting by manifest.
3023 silly tarball no local data for semver@https://registry.npmjs.org/semver/-/semver-6.3.1.tgz. Extracting by manifest.
3024 silly tarball no local data for debug@https://registry.npmjs.org/debug/-/debug-3.2.7.tgz. Extracting by manifest.
3025 silly tarball no local data for ignore@https://registry.npmjs.org/ignore/-/ignore-7.0.6.tgz. Extracting by manifest.
3026 silly tarball no local data for eslint-visitor-keys@https://registry.npmjs.org/eslint-visitor-keys/-/eslint-visitor-keys-3.4.3.tgz. Extracting by manifest.
3027 silly tarball no local data for citty@https://registry.npmjs.org/citty/-/citty-0.2.2.tgz. Extracting by manifest.
3028 silly tarball no local data for @types/node@https://registry.npmjs.org/@types/node/-/node-22.20.1.tgz. Extracting by manifest.
3029 silly tarball no local data for @types/react@https://registry.npmjs.org/@types/react/-/react-19.2.17.tgz. Extracting by manifest.
3030 http fetch POST 200 https://registry.npmjs.org/-/npm/v1/security/advisories/bulk 2050ms
3031 silly audit report {
3031 silly audit report   'brace-expansion': [
3031 silly audit report     {
3031 silly audit report       id: 1124334,
3031 silly audit report       url: 'https://github.com/advisories/GHSA-mh99-v99m-4gvg',
3031 silly audit report       title: 'brace-expansion: DoS via unbounded expansion length causing an out-of-memory process crash',
3031 silly audit report       severity: 'high',
3031 silly audit report       vulnerable_versions: '<=5.0.7',
3031 silly audit report       cwe: [Array],
3031 silly audit report       cvss: [Object]
3031 silly audit report     }
3031 silly audit report   ],
3031 silly audit report   postcss: [
3031 silly audit report     {
3031 silly audit report       id: 1117015,
3031 silly audit report       url: 'https://github.com/advisories/GHSA-qx2v-qp2m-jg93',
3031 silly audit report       title: 'PostCSS has XSS via Unescaped </style> in its CSS Stringify Output',
3031 silly audit report       severity: 'moderate',
3031 silly audit report       vulnerable_versions: '<8.5.10',
3031 silly audit report       cwe: [Array],
3031 silly audit report       cvss: [Object]
3031 silly audit report     },
3031 silly audit report     {
3031 silly audit report       id: 1124252,
3031 silly audit report       url: 'https://github.com/advisories/GHSA-6g55-p6wh-862q',
3031 silly audit report       title: 'PostCSS: Arbitrary file read and information disclosure via attacker-controlled sourceMappingURL in CSS comments',
3031 silly audit report       severity: 'high',
3031 silly audit report       vulnerable_versions: '<=8.5.11',
3031 silly audit report       cwe: [Array],
3031 silly audit report       cvss: [Object]
3031 silly audit report     },
3031 silly audit report     {
3031 silly audit report       id: 1124288,
3031 silly audit report       url: 'https://github.com/advisories/GHSA-r28c-9q8g-f849',
3031 silly audit report       title: 'PostCSS: Path Traversal in Previous Source Map Auto-Loading (sourceMappingURL) leads to Arbitrary .map File Disclosure',
3031 silly audit report       severity: 'high',
3031 silly audit report       vulnerable_versions: '<=8.5.17',
3031 silly audit report       cwe: [Array],
3031 silly audit report       cvss: [Object]
3031 silly audit report     }
3031 silly audit report   ],
3031 silly audit report   sharp: [
3031 silly audit report     {
3031 silly audit report       id: 1124066,
3031 silly audit report       url: 'https://github.com/advisories/GHSA-f88m-g3jw-g9cj',
3031 silly audit report       title: 'sharp inherited vulnerabilities in libvips: CVE-2026-33327, CVE-2026-33328, CVE-2026-35590, CVE-2026-35591',
3031 silly audit report       severity: 'high',
3031 silly audit report       vulnerable_versions: '<0.35.0',
3031 silly audit report       cwe: [Array],
3031 silly audit report       cvss: [Object]
3031 silly audit report     }
3031 silly audit report   ]
3031 silly audit report }
3032 silly packumentCache corgi:https://registry.npmjs.org/brace-expansion cache-miss
3033 silly packumentCache corgi:https://registry.npmjs.org/postcss cache-miss
3034 silly packumentCache corgi:https://registry.npmjs.org/sharp cache-miss
3035 http fetch GET 200 https://registry.npmjs.org/is-weakset/-/is-weakset-2.0.4.tgz 1851ms (cache miss)
3036 http fetch GET 200 https://registry.npmjs.org/is-map/-/is-map-2.0.3.tgz 1850ms (cache miss)
3037 http fetch GET 200 https://registry.npmjs.org/punycode/-/punycode-2.3.1.tgz 1830ms (cache miss)
3038 http fetch GET 200 https://registry.npmjs.org/has-bigints/-/has-bigints-1.1.0.tgz 1848ms (cache miss)
3039 http fetch GET 200 https://registry.npmjs.org/which-boxed-primitive/-/which-boxed-primitive-1.1.1.tgz 1915ms (cache miss)
3040 http fetch GET 200 https://registry.npmjs.org/which-builtin-type/-/which-builtin-type-1.2.1.tgz 1948ms (cache miss)
3041 http fetch GET 200 https://registry.npmjs.org/reflect.getprototypeof/-/reflect.getprototypeof-1.0.10.tgz 2017ms (cache miss)
3042 http fetch GET 200 https://registry.npmjs.org/client-only/-/client-only-0.0.1.tgz 2041ms (cache miss)
3043 http fetch GET 200 https://registry.npmjs.org/@types/json5/-/json5-0.0.29.tgz 2062ms (cache miss)
3044 http fetch GET 200 https://registry.npmjs.org/is-number/-/is-number-7.0.0.tgz 2091ms (cache miss)
3045 http fetch GET 200 https://registry.npmjs.org/has-flag/-/has-flag-4.0.0.tgz 2100ms (cache miss)
3046 http fetch GET 200 https://registry.npmjs.org/shebang-regex/-/shebang-regex-3.0.0.tgz 2242ms (cache miss)
3047 http fetch GET 200 https://registry.npmjs.org/isexe/-/isexe-2.0.0.tgz 2311ms (cache miss)
3048 http fetch GET 200 https://registry.npmjs.org/queue-microtask/-/queue-microtask-1.2.3.tgz 2321ms (cache miss)
3049 http fetch GET 200 https://registry.npmjs.org/path-parse/-/path-parse-1.0.7.tgz 2368ms (cache miss)
3050 http fetch GET 200 https://registry.npmjs.org/is-finalizationregistry/-/is-finalizationregistry-1.1.1.tgz 2719ms (cache miss)
3051 http fetch GET 200 https://registry.npmjs.org/is-bigint/-/is-bigint-1.1.0.tgz 2737ms (cache miss)
3052 http fetch GET 200 https://registry.npmjs.org/loose-envify/-/loose-envify-1.4.0.tgz 2641ms (cache miss)
3053 http fetch GET 200 https://registry.npmjs.org/which-collection/-/which-collection-1.0.2.tgz 2802ms (cache miss)
3054 http fetch GET 200 https://registry.npmjs.org/is-number-object/-/is-number-object-1.1.1.tgz 2828ms (cache miss)
3055 http fetch GET 200 https://registry.npmjs.org/object-assign/-/object-assign-4.1.1.tgz 2738ms (cache miss)
3056 http fetch GET 200 https://registry.npmjs.org/is-weakmap/-/is-weakmap-2.0.2.tgz 2866ms (cache miss)
3057 http fetch GET 200 https://registry.npmjs.org/is-async-function/-/is-async-function-2.1.1.tgz 2886ms (cache miss)
3058 http fetch GET 200 https://registry.npmjs.org/is-boolean-object/-/is-boolean-object-1.2.2.tgz 2886ms (cache miss)
3059 http fetch GET 200 https://registry.npmjs.org/for-each/-/for-each-0.3.5.tgz 2887ms (cache miss)
3060 http fetch GET 200 https://registry.npmjs.org/strip-bom/-/strip-bom-3.0.0.tgz 2787ms (cache miss)
3061 http fetch GET 200 https://registry.npmjs.org/tinyexec/-/tinyexec-1.2.4.tgz 2915ms (cache miss)
3062 http fetch GET 200 https://registry.npmjs.org/perfect-debounce/-/perfect-debounce-1.0.0.tgz 2871ms (cache miss)
3063 http fetch GET 200 https://registry.npmjs.org/detect-libc/-/detect-libc-2.1.2.tgz 3021ms (cache miss)
3064 http fetch GET 200 https://registry.npmjs.org/isarray/-/isarray-2.0.5.tgz 2938ms (cache miss)
3065 http fetch GET 200 https://registry.npmjs.org/side-channel-map/-/side-channel-map-1.0.1.tgz 3053ms (cache miss)
3066 http fetch GET 200 https://registry.npmjs.org/side-channel-weakmap/-/side-channel-weakmap-1.0.2.tgz 3056ms (cache miss)
3067 http fetch GET 200 https://registry.npmjs.org/async-function/-/async-function-1.0.0.tgz 3142ms (cache miss)
3068 http fetch GET 200 https://registry.npmjs.org/js-tokens/-/js-tokens-4.0.0.tgz 3052ms (cache miss)
3069 http fetch GET 200 https://registry.npmjs.org/defu/-/defu-6.1.7.tgz 3025ms (cache miss)
3070 http fetch GET 200 https://registry.npmjs.org/generator-function/-/generator-function-2.0.1.tgz 3204ms (cache miss)
3071 http fetch GET 200 https://registry.npmjs.org/supports-preserve-symlinks-flag/-/supports-preserve-symlinks-flag-1.0.0.tgz 3122ms (cache miss)
3072 http fetch GET 200 https://registry.npmjs.org/nanoid/-/nanoid-3.3.16.tgz 3105ms (cache miss)
3073 http fetch GET 200 https://registry.npmjs.org/side-channel-list/-/side-channel-list-1.0.1.tgz 3237ms (cache miss)
3074 http fetch GET 200 https://registry.npmjs.org/@img/colour/-/colour-1.1.0.tgz 3227ms (cache miss)
3075 http fetch GET 200 https://registry.npmjs.org/picocolors/-/picocolors-1.1.1.tgz 3127ms (cache miss)
3076 http fetch GET 200 https://registry.npmjs.org/yocto-queue/-/yocto-queue-0.1.0.tgz 3122ms (cache miss)
3077 http fetch GET 200 https://registry.npmjs.org/react-is/-/react-is-16.13.1.tgz 3231ms (cache miss)
3078 http fetch GET 200 https://registry.npmjs.org/nypm/-/nypm-0.6.9.tgz 3203ms (cache miss)
3079 http fetch GET 200 https://registry.npmjs.org/p-limit/-/p-limit-3.1.0.tgz 3135ms (cache miss)
3080 http fetch GET 200 https://registry.npmjs.org/destr/-/destr-2.0.5.tgz 3274ms (cache miss)
3081 http fetch GET 200 https://registry.npmjs.org/@standard-schema/spec/-/spec-1.1.0.tgz 3243ms (cache miss)
3082 http fetch GET 200 https://registry.npmjs.org/fast-levenshtein/-/fast-levenshtein-2.0.6.tgz 3216ms (cache miss)
3083 http fetch GET 200 https://registry.npmjs.org/deep-is/-/deep-is-0.1.4.tgz 3230ms (cache miss)
3084 http fetch GET 200 https://registry.npmjs.org/callsites/-/callsites-3.1.0.tgz 3261ms (cache miss)
3085 http fetch GET 200 https://registry.npmjs.org/is-generator-function/-/is-generator-function-1.1.2.tgz 3469ms (cache miss)
3086 http fetch GET 200 https://registry.npmjs.org/concat-map/-/concat-map-0.0.1.tgz 3294ms (cache miss)
3087 http fetch GET 200 https://registry.npmjs.org/brace-expansion/-/brace-expansion-1.1.18.tgz 3330ms (cache miss)
3088 http fetch GET 200 https://registry.npmjs.org/@prisma/engines-version/-/engines-version-7.1.1-3.c2990dca591cba766e3b7ef5d9e8a84796e47ab7.tgz 3390ms (cache miss)
3089 http fetch GET 200 https://registry.npmjs.org/word-wrap/-/word-wrap-1.2.5.tgz 3358ms (cache miss)
3090 http fetch GET 200 https://registry.npmjs.org/balanced-match/-/balanced-match-1.0.2.tgz 3458ms (cache miss)
3091 http fetch GET 200 https://registry.npmjs.org/fill-range/-/fill-range-7.1.1.tgz 3456ms (cache miss)
3092 http fetch GET 200 https://registry.npmjs.org/citty/-/citty-0.1.6.tgz 3570ms (cache miss)
3093 http fetch GET 200 https://registry.npmjs.org/to-regex-range/-/to-regex-range-5.0.1.tgz 3516ms (cache miss)
3094 http fetch GET 200 https://registry.npmjs.org/braces/-/braces-3.0.3.tgz 3551ms (cache miss)
3095 http fetch GET 200 https://registry.npmjs.org/p-locate/-/p-locate-5.0.0.tgz 3594ms (cache miss)
3096 http fetch GET 200 https://registry.npmjs.org/json-buffer/-/json-buffer-3.0.1.tgz 3644ms (cache miss)
3097 http fetch GET 200 https://registry.npmjs.org/resolve-from/-/resolve-from-4.0.0.tgz 3637ms (cache miss)
3098 http fetch GET 200 https://registry.npmjs.org/exsolve/-/exsolve-1.1.1.tgz 3743ms (cache miss)
3099 http fetch GET 200 https://registry.npmjs.org/pkg-types/-/pkg-types-2.3.1.tgz 3822ms (cache miss)
3100 http fetch GET 200 https://registry.npmjs.org/parent-module/-/parent-module-1.0.1.tgz 3703ms (cache miss)
3101 http fetch GET 200 https://registry.npmjs.org/readdirp/-/readdirp-4.1.2.tgz 3808ms (cache miss)
3102 http fetch GET 200 https://registry.npmjs.org/dunder-proto/-/dunder-proto-1.0.1.tgz 3829ms (cache miss)
3103 http fetch GET 200 https://registry.npmjs.org/resolve-pkg-maps/-/resolve-pkg-maps-1.0.0.tgz 3917ms (cache miss)
3104 http fetch GET 200 https://registry.npmjs.org/is-document.all/-/is-document.all-1.0.0.tgz 3919ms (cache miss)
3105 http fetch GET 200 https://registry.npmjs.org/flatted/-/flatted-3.4.4.tgz 4087ms (cache miss)
3106 http fetch GET 200 https://registry.npmjs.org/path-exists/-/path-exists-4.0.0.tgz 4087ms (cache miss)
3107 http fetch GET 200 https://registry.npmjs.org/esbuild/-/esbuild-0.28.1.tgz 4398ms (cache miss)
3108 http fetch GET 200 https://registry.npmjs.org/set-function-name/-/set-function-name-2.0.2.tgz 4206ms (cache miss)
3109 http fetch GET 200 https://registry.npmjs.org/reusify/-/reusify-1.1.0.tgz 4206ms (cache miss)
3110 http fetch GET 200 https://registry.npmjs.org/run-parallel/-/run-parallel-1.2.0.tgz 4205ms (cache miss)
3111 http fetch GET 200 https://registry.npmjs.org/locate-path/-/locate-path-6.0.0.tgz 4326ms (cache miss)
3112 http fetch GET 200 https://registry.npmjs.org/@nodelib/fs.scandir/-/fs.scandir-2.1.5.tgz 4311ms (cache miss)
3113 http fetch GET 200 https://registry.npmjs.org/fastq/-/fastq-1.20.1.tgz 4315ms (cache miss)
3114 http fetch GET 200 https://registry.npmjs.org/@prisma/config/-/config-6.19.3.tgz 4510ms (cache miss)
3115 http fetch GET 200 https://registry.npmjs.org/is-extglob/-/is-extglob-2.1.1.tgz 4409ms (cache miss)
3116 http fetch GET 200 https://registry.npmjs.org/iterator.prototype/-/iterator.prototype-1.1.5.tgz 4386ms (cache miss)
3117 http fetch GET 200 https://registry.npmjs.org/keyv/-/keyv-4.5.4.tgz 4513ms (cache miss)
3118 http fetch GET 200 https://registry.npmjs.org/string.prototype.repeat/-/string.prototype.repeat-1.0.0.tgz 4469ms (cache miss)
3119 http fetch GET 200 https://registry.npmjs.org/estraverse/-/estraverse-5.3.0.tgz 4462ms (cache miss)
3120 http fetch GET 200 https://registry.npmjs.org/merge2/-/merge2-1.4.1.tgz 4586ms (cache miss)
3121 http fetch GET 200 https://registry.npmjs.org/micromatch/-/micromatch-4.0.8.tgz 4554ms (cache miss)
3122 http fetch GET 200 https://registry.npmjs.org/type-check/-/type-check-0.4.0.tgz 4544ms (cache miss)
3123 http fetch GET 200 https://registry.npmjs.org/giget/-/giget-2.0.0.tgz 4793ms (cache miss)
3124 http fetch GET 200 https://registry.npmjs.org/c12/-/c12-3.1.0.tgz 4771ms (cache miss)
3125 http fetch GET 200 https://registry.npmjs.org/json5/-/json5-1.0.2.tgz 4989ms (cache miss)
3126 http fetch GET 200 https://registry.npmjs.org/deepmerge-ts/-/deepmerge-ts-7.1.5.tgz 4838ms (cache miss)
3127 http fetch GET 200 https://registry.npmjs.org/@next/env/-/env-15.5.22.tgz 4789ms (cache miss)
3128 http fetch GET 200 https://registry.npmjs.org/damerau-levenshtein/-/damerau-levenshtein-1.0.8.tgz 4671ms (cache miss)
3129 http fetch GET 200 https://registry.npmjs.org/ast-types-flow/-/ast-types-flow-0.0.8.tgz 4675ms (cache miss)
3130 http fetch GET 200 https://registry.npmjs.org/esrecurse/-/esrecurse-4.3.0.tgz 4860ms (cache miss)
3131 http fetch GET 200 https://registry.npmjs.org/es-abstract-get/-/es-abstract-get-1.0.0.tgz 4798ms (cache miss)
3132 http fetch GET 200 https://registry.npmjs.org/unbox-primitive/-/unbox-primitive-1.1.0.tgz 4788ms (cache miss)
3133 http fetch GET 200 https://registry.npmjs.org/has-tostringtag/-/has-tostringtag-1.0.2.tgz 4800ms (cache miss)
3134 http fetch GET 200 https://registry.npmjs.org/typed-array-buffer/-/typed-array-buffer-1.0.3.tgz 4845ms (cache miss)
3135 http fetch GET 200 https://registry.npmjs.org/possible-typed-array-names/-/possible-typed-array-names-1.1.0.tgz 4939ms (cache miss)
3136 http fetch GET 200 https://registry.npmjs.org/typed-array-byte-length/-/typed-array-byte-length-1.0.3.tgz 4924ms (cache miss)
3137 http fetch GET 200 https://registry.npmjs.org/stop-iteration-iterator/-/stop-iteration-iterator-1.1.0.tgz 4918ms (cache miss)
3138 http fetch GET 200 https://registry.npmjs.org/typed-array-byte-offset/-/typed-array-byte-offset-1.0.4.tgz 5006ms (cache miss)
3139 http fetch GET 200 https://registry.npmjs.org/string.prototype.trim/-/string.prototype.trim-1.2.11.tgz 5001ms (cache miss)
3140 http fetch GET 200 https://registry.npmjs.org/safe-push-apply/-/safe-push-apply-1.0.0.tgz 4986ms (cache miss)
3141 http fetch GET 200 https://registry.npmjs.org/is-weakref/-/is-weakref-1.1.1.tgz 4970ms (cache miss)
3142 http fetch GET 200 https://registry.npmjs.org/set-proto/-/set-proto-1.0.0.tgz 5017ms (cache miss)
3143 http fetch GET 200 https://registry.npmjs.org/acorn-jsx/-/acorn-jsx-5.3.2.tgz 5186ms (cache miss)
3144 http fetch GET 200 https://registry.npmjs.org/typed-array-length/-/typed-array-length-1.0.8.tgz 5103ms (cache miss)
3145 http fetch GET 200 https://registry.npmjs.org/object.entries/-/object.entries-1.1.9.tgz 5056ms (cache miss)
3146 http fetch GET 200 https://registry.npmjs.org/is-set/-/is-set-2.0.3.tgz 5053ms (cache miss)
3147 http fetch GET 200 https://registry.npmjs.org/is-shared-array-buffer/-/is-shared-array-buffer-1.0.4.tgz 5059ms (cache miss)
3148 http fetch GET 200 https://registry.npmjs.org/data-view-buffer/-/data-view-buffer-1.0.2.tgz 5156ms (cache miss)
3149 http fetch GET 200 https://registry.npmjs.org/is-array-buffer/-/is-array-buffer-3.0.5.tgz 5164ms (cache miss)
3150 http fetch GET 200 https://registry.npmjs.org/data-view-byte-offset/-/data-view-byte-offset-1.0.1.tgz 5166ms (cache miss)
3151 http fetch GET 200 https://registry.npmjs.org/es-set-tostringtag/-/es-set-tostringtag-2.1.0.tgz 5160ms (cache miss)
3152 http fetch GET 200 https://registry.npmjs.org/is-data-view/-/is-data-view-1.0.2.tgz 5245ms (cache miss)
3153 http fetch GET 200 https://registry.npmjs.org/get-proto/-/get-proto-1.0.1.tgz 5237ms (cache miss)
3154 http fetch GET 200 https://registry.npmjs.org/arraybuffer.prototype.slice/-/arraybuffer.prototype.slice-1.0.4.tgz 5217ms (cache miss)
3155 http fetch GET 200 https://registry.npmjs.org/object-keys/-/object-keys-1.1.1.tgz 5210ms (cache miss)
3156 http fetch GET 200 https://registry.npmjs.org/define-data-property/-/define-data-property-1.1.4.tgz 5198ms (cache miss)
3157 http fetch GET 200 https://registry.npmjs.org/set-function-length/-/set-function-length-1.2.2.tgz 5188ms (cache miss)
3158 http fetch GET 200 https://registry.npmjs.org/has-property-descriptors/-/has-property-descriptors-1.0.2.tgz 5217ms (cache miss)
3159 http fetch GET 200 https://registry.npmjs.org/data-view-byte-length/-/data-view-byte-length-1.0.2.tgz 5290ms (cache miss)
3160 http fetch GET 200 https://registry.npmjs.org/math-intrinsics/-/math-intrinsics-1.1.0.tgz 5247ms (cache miss)
3161 http fetch GET 200 https://registry.npmjs.org/es-errors/-/es-errors-1.3.0.tgz 5251ms (cache miss)
3162 http fetch GET 200 https://registry.npmjs.org/dotenv/-/dotenv-16.6.1.tgz 5681ms (cache miss)
3163 http fetch GET 200 https://registry.npmjs.org/scheduler/-/scheduler-0.27.0.tgz 5775ms (cache miss)
3164 http fetch GET 200 https://registry.npmjs.org/gopd/-/gopd-1.2.0.tgz 5353ms (cache miss)
3165 http fetch GET 200 https://registry.npmjs.org/call-bind/-/call-bind-1.0.9.tgz 5324ms (cache miss)
3166 http fetch GET 200 https://registry.npmjs.org/object.values/-/object.values-1.2.1.tgz 5324ms (cache miss)
3167 http fetch GET 200 https://registry.npmjs.org/object.fromentries/-/object.fromentries-2.0.8.tgz 5323ms (cache miss)
3168 http fetch GET 200 https://registry.npmjs.org/string.prototype.trimend/-/string.prototype.trimend-1.0.10.tgz 5370ms (cache miss)
3169 http fetch GET 200 https://registry.npmjs.org/argparse/-/argparse-2.0.1.tgz 5698ms (cache miss)
3170 http fetch GET 200 https://registry.npmjs.org/function-bind/-/function-bind-1.1.2.tgz 5424ms (cache miss)
3171 http fetch GET 200 https://registry.npmjs.org/get-intrinsic/-/get-intrinsic-1.3.0.tgz 5429ms (cache miss)
3172 http fetch GET 200 https://registry.npmjs.org/array.prototype.flatmap/-/array.prototype.flatmap-1.3.3.tgz 5402ms (cache miss)
3173 http fetch GET 200 https://registry.npmjs.org/call-bound/-/call-bound-1.0.4.tgz 5392ms (cache miss)
3174 http fetch GET 200 https://registry.npmjs.org/language-tags/-/language-tags-1.0.9.tgz 5665ms (cache miss)
3175 http fetch GET 200 https://registry.npmjs.org/es-shim-unscopables/-/es-shim-unscopables-1.1.0.tgz 5504ms (cache miss)
3176 http fetch GET 200 https://registry.npmjs.org/hasown/-/hasown-2.0.4.tgz 5488ms (cache miss)
3177 http fetch GET 200 https://registry.npmjs.org/stable-hash/-/stable-hash-0.0.5.tgz 5460ms (cache miss)
3178 http fetch GET 200 https://registry.npmjs.org/is-typed-array/-/is-typed-array-1.1.15.tgz 5465ms (cache miss)
3179 http fetch GET 200 https://registry.npmjs.org/array.prototype.flat/-/array.prototype.flat-1.3.3.tgz 5546ms (cache miss)
3180 http fetch GET 200 https://registry.npmjs.org/is-core-module/-/is-core-module-2.16.2.tgz 5511ms (cache miss)
3181 http fetch GET 200 https://registry.npmjs.org/call-bind-apply-helpers/-/call-bind-apply-helpers-1.0.2.tgz 5508ms (cache miss)
3182 http fetch GET 200 https://registry.npmjs.org/@typescript-eslint/tsconfig-utils/-/tsconfig-utils-8.65.0.tgz 5504ms (cache miss)
3183 http fetch GET 200 https://registry.npmjs.org/is-bun-module/-/is-bun-module-2.0.0.tgz 5620ms (cache miss)
3184 http fetch GET 200 https://registry.npmjs.org/@typescript-eslint/visitor-keys/-/visitor-keys-8.65.0.tgz 5586ms (cache miss)
3185 http fetch GET 200 https://registry.npmjs.org/array-includes/-/array-includes-3.1.9.tgz 5676ms (cache miss)
3186 http fetch GET 200 https://registry.npmjs.org/@prisma/debug/-/debug-6.19.3.tgz 6119ms (cache miss)
3187 http fetch GET 200 https://registry.npmjs.org/flat-cache/-/flat-cache-4.0.1.tgz 6019ms (cache miss)
3188 http fetch GET 200 https://registry.npmjs.org/@nolyfill/is-core-module/-/is-core-module-1.0.39.tgz 5716ms (cache miss)
3189 http fetch GET 200 https://registry.npmjs.org/get-symbol-description/-/get-symbol-description-1.1.0.tgz 5649ms (cache miss)
3190 http fetch GET 200 https://registry.npmjs.org/es-object-atoms/-/es-object-atoms-1.1.2.tgz 5659ms (cache miss)
3191 http fetch GET 200 https://registry.npmjs.org/functions-have-names/-/functions-have-names-1.2.3.tgz 6106ms (cache miss)
3192 http fetch GET 200 https://registry.npmjs.org/picomatch/-/picomatch-2.3.2.tgz 6150ms (cache miss)
3193 http fetch GET 200 https://registry.npmjs.org/@typescript-eslint/parser/-/parser-8.65.0.tgz 5727ms (cache miss)
3194 http fetch GET 200 https://registry.npmjs.org/path-key/-/path-key-3.1.1.tgz 5708ms (cache miss)
3195 http fetch GET 200 https://registry.npmjs.org/ms/-/ms-2.1.3.tgz 5712ms (cache miss)
3196 http fetch GET 200 https://registry.npmjs.org/which/-/which-2.0.2.tgz 5709ms (cache miss)
3197 http fetch GET 200 https://registry.npmjs.org/color-name/-/color-name-1.1.4.tgz 5711ms (cache miss)
3198 http fetch GET 200 https://registry.npmjs.org/eslint-import-resolver-typescript/-/eslint-import-resolver-typescript-3.10.1.tgz 5787ms (cache miss)
3199 http fetch GET 200 https://registry.npmjs.org/ansi-styles/-/ansi-styles-4.3.0.tgz 5757ms (cache miss)
3200 http fetch GET 200 https://registry.npmjs.org/@rtsao/scc/-/scc-1.1.0.tgz 5768ms (cache miss)
3201 http fetch GET 200 https://registry.npmjs.org/shebang-command/-/shebang-command-2.0.0.tgz 5779ms (cache miss)
3202 http fetch GET 200 https://registry.npmjs.org/color-convert/-/color-convert-2.0.1.tgz 5773ms (cache miss)
3203 http fetch GET 200 https://registry.npmjs.org/chokidar/-/chokidar-4.0.3.tgz 6316ms (cache miss)
3204 http fetch GET 200 https://registry.npmjs.org/levn/-/levn-0.4.1.tgz 5830ms (cache miss)
3205 http fetch GET 200 https://registry.npmjs.org/strip-json-comments/-/strip-json-comments-3.1.1.tgz 5829ms (cache miss)
3206 http fetch GET 200 https://registry.npmjs.org/@types/json-schema/-/json-schema-7.0.15.tgz 5874ms (cache miss)
3207 http fetch GET 200 https://registry.npmjs.org/import-fresh/-/import-fresh-3.3.1.tgz 5881ms (cache miss)
3208 http fetch GET 200 https://registry.npmjs.org/fast-json-stable-stringify/-/fast-json-stable-stringify-2.1.0.tgz 5887ms (cache miss)
3209 http fetch GET 200 https://registry.npmjs.org/lodash.merge/-/lodash.merge-4.6.2.tgz 5890ms (cache miss)
3210 http fetch GET 200 https://registry.npmjs.org/natural-compare/-/natural-compare-1.4.0.tgz 5913ms (cache miss)
3211 http fetch GET 200 https://registry.npmjs.org/supports-color/-/supports-color-7.2.0.tgz 5951ms (cache miss)
3212 http fetch GET 200 https://registry.npmjs.org/@humanfs/types/-/types-0.15.0.tgz 5951ms (cache miss)
3213 http fetch GET 200 https://registry.npmjs.org/prelude-ls/-/prelude-ls-1.2.1.tgz 6436ms (cache miss)
3214 http fetch GET 200 https://registry.npmjs.org/rc9/-/rc9-2.1.2.tgz 6344ms (cache miss)
3215 http fetch GET 200 https://registry.npmjs.org/side-channel/-/side-channel-1.1.1.tgz 6502ms (cache miss)
3216 http fetch GET 200 https://registry.npmjs.org/unrs-resolver/-/unrs-resolver-1.12.2.tgz 6190ms (cache miss)
3217 http fetch GET 200 https://registry.npmjs.org/minimatch/-/minimatch-3.1.5.tgz 6074ms (cache miss)
3218 http fetch GET 200 https://registry.npmjs.org/empathic/-/empathic-2.0.0.tgz 6693ms (cache miss)
3219 http fetch GET 200 https://registry.npmjs.org/find-up/-/find-up-5.0.0.tgz 6111ms (cache miss)
3220 http fetch GET 200 https://registry.npmjs.org/glob-parent/-/glob-parent-6.0.2.tgz 6117ms (cache miss)
3221 http fetch GET 200 https://registry.npmjs.org/imurmurhash/-/imurmurhash-0.1.4.tgz 6196ms (cache miss)
3222 http fetch GET 200 https://registry.npmjs.org/file-entry-cache/-/file-entry-cache-8.0.0.tgz 6190ms (cache miss)
3223 http fetch GET 200 https://registry.npmjs.org/fast-deep-equal/-/fast-deep-equal-3.1.3.tgz 6182ms (cache miss)
3224 http fetch GET 200 https://registry.npmjs.org/is-glob/-/is-glob-4.0.3.tgz 6178ms (cache miss)
3225 http fetch GET 200 https://registry.npmjs.org/@eslint/object-schema/-/object-schema-2.1.7.tgz 6227ms (cache miss)
3226 http fetch GET 200 https://registry.npmjs.org/tslib/-/tslib-2.8.1.tgz 6801ms (cache miss)
3227 http fetch GET 200 https://registry.npmjs.org/esutils/-/esutils-2.0.3.tgz 6336ms (cache miss)
3228 http fetch GET 200 https://registry.npmjs.org/eslint-import-resolver-node/-/eslint-import-resolver-node-0.3.10.tgz 6308ms (cache miss)
3229 http fetch GET 200 https://registry.npmjs.org/json-schema-traverse/-/json-schema-traverse-0.4.1.tgz 6301ms (cache miss)
3230 http fetch GET 200 https://registry.npmjs.org/chalk/-/chalk-4.1.2.tgz 6308ms (cache miss)
3231 http fetch GET 200 https://registry.npmjs.org/escape-string-regexp/-/escape-string-regexp-4.0.0.tgz 6378ms (cache miss)
3232 http fetch GET 200 https://registry.npmjs.org/eslint-visitor-keys/-/eslint-visitor-keys-4.2.1.tgz 6385ms (cache miss)
3233 http fetch GET 200 https://registry.npmjs.org/cross-spawn/-/cross-spawn-7.0.6.tgz 6378ms (cache miss)
3234 http fetch GET 200 https://registry.npmjs.org/@prisma/engines/-/engines-6.19.3.tgz 7267ms (cache miss)
3235 http fetch GET 200 https://registry.npmjs.org/define-properties/-/define-properties-1.2.1.tgz 6953ms (cache miss)
3236 http fetch GET 200 https://registry.npmjs.org/@humanwhocodes/module-importer/-/module-importer-1.0.1.tgz 6715ms (cache miss)
3237 http fetch GET 200 https://registry.npmjs.org/@eslint/config-helpers/-/config-helpers-0.4.2.tgz 6762ms (cache miss)
3238 http fetch GET 200 https://registry.npmjs.org/is-callable/-/is-callable-1.2.7.tgz 7217ms (cache miss)
3239 http fetch GET 200 https://registry.npmjs.org/own-keys/-/own-keys-1.0.2.tgz 7294ms (cache miss)
3240 http fetch GET 200 https://registry.npmjs.org/safe-regex-test/-/safe-regex-test-1.1.0.tgz 7321ms (cache miss)
3241 http fetch GET 200 https://registry.npmjs.org/ignore/-/ignore-5.3.2.tgz 7000ms (cache miss)
3242 http fetch GET 200 https://registry.npmjs.org/safe-array-concat/-/safe-array-concat-1.1.4.tgz 7325ms (cache miss)
3243 http fetch GET 200 https://registry.npmjs.org/globals/-/globals-14.0.0.tgz 7057ms (cache miss)
3244 http fetch GET 200 https://registry.npmjs.org/tinyglobby/-/tinyglobby-0.2.17.tgz 7189ms (cache miss)
3245 http fetch GET 200 https://registry.npmjs.org/pathe/-/pathe-2.0.3.tgz 7737ms (cache miss)
3246 http fetch GET 200 https://registry.npmjs.org/is-date-object/-/is-date-object-1.1.0.tgz 7509ms (cache miss)
3247 http fetch GET 200 https://registry.npmjs.org/is-symbol/-/is-symbol-1.1.1.tgz 7517ms (cache miss)
3248 http fetch GET 200 https://registry.npmjs.org/is-regex/-/is-regex-1.2.1.tgz 7463ms (cache miss)
3249 http fetch GET 200 https://registry.npmjs.org/which-typed-array/-/which-typed-array-1.1.22.tgz 7593ms (cache miss)
3250 http fetch GET 200 https://registry.npmjs.org/prop-types/-/prop-types-15.8.1.tgz 7665ms (cache miss)
3251 http fetch GET 200 https://registry.npmjs.org/eslint-config-next/-/eslint-config-next-15.5.22.tgz 7141ms (cache miss)
3252 http fetch GET 200 https://registry.npmjs.org/@types/estree/-/estree-1.0.9.tgz 7144ms (cache miss)
3253 http fetch GET 200 https://registry.npmjs.org/array-buffer-byte-length/-/array-buffer-byte-length-1.0.2.tgz 7598ms (cache miss)
3254 http fetch GET 200 https://registry.npmjs.org/available-typed-arrays/-/available-typed-arrays-1.0.7.tgz 7611ms (cache miss)
3255 http fetch GET 200 https://registry.npmjs.org/is-string/-/is-string-1.1.1.tgz 7834ms (cache miss)
3256 http fetch GET 200 https://registry.npmjs.org/get-tsconfig/-/get-tsconfig-4.14.0.tgz 7815ms (cache miss)
3257 http fetch GET 200 https://registry.npmjs.org/fdir/-/fdir-6.5.0.tgz 7496ms (cache miss)
3258 http fetch GET 200 https://registry.npmjs.org/es-define-property/-/es-define-property-1.0.1.tgz 7926ms (cache miss)
3259 http fetch GET 200 https://registry.npmjs.org/is-negative-zero/-/is-negative-zero-2.0.3.tgz 8001ms (cache miss)
3260 http fetch GET 200 https://registry.npmjs.org/glob-parent/-/glob-parent-5.1.2.tgz 7538ms (cache miss)
3261 http fetch GET 200 https://registry.npmjs.org/balanced-match/-/balanced-match-4.0.4.tgz 7544ms (cache miss)
3262 http fetch GET 200 https://registry.npmjs.org/optionator/-/optionator-0.9.4.tgz 7813ms (cache miss)
3263 http fetch GET 200 https://registry.npmjs.org/doctrine/-/doctrine-2.1.0.tgz 8006ms (cache miss)
3264 http fetch GET 200 https://registry.npmjs.org/eslint-visitor-keys/-/eslint-visitor-keys-3.4.3.tgz 7594ms (cache miss)
3265 http fetch GET 200 https://registry.npmjs.org/internal-slot/-/internal-slot-1.1.0.tgz 8155ms (cache miss)
3266 http fetch GET 200 https://registry.npmjs.org/@eslint/core/-/core-0.17.0.tgz 7745ms (cache miss)
3267 http fetch GET 200 https://registry.npmjs.org/@typescript-eslint/project-service/-/project-service-8.65.0.tgz 8000ms (cache miss)
3268 http fetch GET 200 https://registry.npmjs.org/citty/-/citty-0.2.2.tgz 7622ms (cache miss)
3269 http fetch GET 200 https://registry.npmjs.org/debug/-/debug-4.4.3.tgz 8046ms (cache miss)
3270 http fetch GET 200 https://registry.npmjs.org/brace-expansion 7286ms (cache miss)
3271 silly packumentCache corgi:https://registry.npmjs.org/brace-expansion set size:undefined disposed:false
3272 http fetch GET 200 https://registry.npmjs.org/@eslint/js/-/js-9.39.5.tgz 8149ms (cache miss)
3273 http fetch GET 200 https://registry.npmjs.org/napi-postinstall/-/napi-postinstall-0.3.4.tgz 9150ms (cache miss)
3274 http fetch GET 200 https://registry.npmjs.org/semver/-/semver-6.3.1.tgz 8355ms (cache miss)
3275 http fetch GET 200 https://registry.npmjs.org/ohash/-/ohash-2.0.11.tgz 9168ms (cache miss)
3276 http fetch GET 200 https://registry.npmjs.org/eslint-plugin-react-hooks/-/eslint-plugin-react-hooks-5.2.0.tgz 8773ms (cache miss)
3277 http fetch GET 200 https://registry.npmjs.org/ignore/-/ignore-7.0.6.tgz 8437ms (cache miss)
3278 http fetch GET 200 https://registry.npmjs.org/array.prototype.tosorted/-/array.prototype.tosorted-1.1.4.tgz 9129ms (cache miss)
3279 http fetch GET 200 https://registry.npmjs.org/ts-api-utils/-/ts-api-utils-2.5.0.tgz 9041ms (cache miss)
3280 http fetch GET 200 https://registry.npmjs.org/semver/-/semver-6.3.1.tgz 8695ms (cache miss)
3281 http fetch GET 200 https://registry.npmjs.org/@emnapi/runtime/-/runtime-1.11.3.tgz 9682ms (cache miss)
3282 http fetch GET 200 https://registry.npmjs.org/emoji-regex/-/emoji-regex-9.2.2.tgz 9385ms (cache miss)
3283 http fetch GET 200 https://registry.npmjs.org/semver/-/semver-6.3.1.tgz 8763ms (cache miss)
3284 http fetch GET 200 https://registry.npmjs.org/array.prototype.findlast/-/array.prototype.findlast-1.2.5.tgz 9461ms (cache miss)
3285 http fetch GET 200 https://registry.npmjs.org/string.prototype.matchall/-/string.prototype.matchall-4.0.12.tgz 9485ms (cache miss)
3286 http fetch GET 200 https://registry.npmjs.org/string.prototype.trimstart/-/string.prototype.trimstart-1.0.8.tgz 9443ms (cache miss)
3287 http fetch GET 200 https://registry.npmjs.org/has-proto/-/has-proto-1.2.0.tgz 9368ms (cache miss)
3288 http fetch GET 200 https://registry.npmjs.org/@humanfs/node/-/node-0.16.8.tgz 9212ms (cache miss)
3289 http fetch GET 200 https://registry.npmjs.org/has-symbols/-/has-symbols-1.1.0.tgz 9801ms (cache miss)
3290 http fetch GET 200 https://registry.npmjs.org/source-map-js/-/source-map-js-1.2.1.tgz 10105ms (cache miss)
3291 http fetch GET 200 https://registry.npmjs.org/globalthis/-/globalthis-1.0.4.tgz 9847ms (cache miss)
3292 http fetch GET 200 https://registry.npmjs.org/object.groupby/-/object.groupby-1.0.3.tgz 9774ms (cache miss)
3293 http fetch GET 200 https://registry.npmjs.org/@humanwhocodes/retry/-/retry-0.4.3.tgz 9581ms (cache miss)
3294 http fetch GET 200 https://registry.npmjs.org/regexp.prototype.flags/-/regexp.prototype.flags-1.5.4.tgz 9947ms (cache miss)
3295 http fetch GET 200 https://registry.npmjs.org/espree/-/espree-10.4.0.tgz 9625ms (cache miss)
3296 http fetch GET 200 https://registry.npmjs.org/sharp 8836ms (cache miss)
3297 silly packumentCache corgi:https://registry.npmjs.org/sharp set size:undefined disposed:false
3298 http fetch GET 200 https://registry.npmjs.org/array.prototype.findlastindex/-/array.prototype.findlastindex-1.2.6.tgz 9915ms (cache miss)
3299 http fetch GET 200 https://registry.npmjs.org/debug/-/debug-3.2.7.tgz 9568ms (cache miss)
3300 http fetch GET 200 https://registry.npmjs.org/eslint-visitor-keys/-/eslint-visitor-keys-5.0.1.tgz 9657ms (cache miss)
3301 http fetch GET 200 https://registry.npmjs.org/postcss 9006ms (cache miss)
3302 silly packumentCache corgi:https://registry.npmjs.org/postcss set size:undefined disposed:false
3303 http fetch GET 200 https://registry.npmjs.org/debug/-/debug-3.2.7.tgz 9694ms (cache miss)
3304 http fetch GET 200 https://registry.npmjs.org/@humanfs/core/-/core-0.19.2.tgz 9913ms (cache miss)
3305 http fetch GET 200 https://registry.npmjs.org/@nodelib/fs.stat/-/fs.stat-2.0.5.tgz 10511ms (cache miss)
3306 http fetch GET 200 https://registry.npmjs.org/@typescript-eslint/types/-/types-8.65.0.tgz 10200ms (cache miss)
3307 http fetch GET 200 https://registry.npmjs.org/@unrs/resolver-binding-win32-x64-msvc/-/resolver-binding-win32-x64-msvc-1.12.2.tgz 10889ms (cache miss)
3308 http fetch GET 200 https://registry.npmjs.org/debug/-/debug-3.2.7.tgz 9901ms (cache miss)
3309 http fetch GET 200 https://registry.npmjs.org/picomatch/-/picomatch-4.0.5.tgz 10212ms (cache miss)
3310 http fetch GET 200 https://registry.npmjs.org/@eslint/plugin-kit/-/plugin-kit-0.4.1.tgz 10421ms (cache miss)
3311 http fetch GET 200 https://registry.npmjs.org/acorn/-/acorn-8.18.0.tgz 10927ms (cache miss)
3312 http fetch GET 200 https://registry.npmjs.org/minimist/-/minimist-1.2.8.tgz 11136ms (cache miss)
3313 http fetch GET 200 https://registry.npmjs.org/@eslint-community/regexpp/-/regexpp-4.12.2.tgz 10506ms (cache miss)
3314 http fetch GET 200 https://registry.npmjs.org/es-to-primitive/-/es-to-primitive-1.3.4.tgz 11003ms (cache miss)
3315 http fetch GET 200 https://registry.npmjs.org/object.assign/-/object.assign-4.1.7.tgz 11138ms (cache miss)
3316 silly packumentCache corgi:https://registry.npmjs.org/minimatch cache-miss
3317 http fetch GET 200 https://registry.npmjs.org/node-exports-info/-/node-exports-info-1.6.2.tgz 11577ms (cache miss)
3318 http fetch GET 200 https://registry.npmjs.org/@types/react-dom/-/react-dom-19.2.3.tgz 10732ms (cache miss)
3319 http fetch GET 200 https://registry.npmjs.org/@eslint-community/eslint-utils/-/eslint-utils-4.10.1.tgz 10784ms (cache miss)
3320 http fetch GET 200 https://registry.npmjs.org/string.prototype.includes/-/string.prototype.includes-2.0.1.tgz 11340ms (cache miss)
3321 http fetch GET 200 https://registry.npmjs.org/eslint-scope/-/eslint-scope-8.4.0.tgz 10955ms (cache miss)
3322 http fetch GET 200 https://registry.npmjs.org/json-stable-stringify-without-jsonify/-/json-stable-stringify-without-jsonify-1.0.1.tgz 11142ms (cache miss)
3323 http fetch GET 200 https://registry.npmjs.org/function.prototype.name/-/function.prototype.name-1.2.0.tgz 11697ms (cache miss)
3324 http fetch GET 200 https://registry.npmjs.org/csstype/-/csstype-3.2.3.tgz 11576ms (cache miss)
3325 http fetch GET 200 https://registry.npmjs.org/brace-expansion/-/brace-expansion-5.0.9.tgz 11491ms (cache miss)
3326 http fetch GET 200 https://registry.npmjs.org/@types/react/-/react-19.2.17.tgz 11442ms (cache miss)
3327 http fetch GET 200 https://registry.npmjs.org/eslint-module-utils/-/eslint-module-utils-2.14.0.tgz 12040ms (cache miss)
3328 http fetch GET 200 https://registry.npmjs.org/styled-jsx/-/styled-jsx-5.1.6.tgz 12336ms (cache miss)
3329 http fetch GET 200 https://registry.npmjs.org/minimatch 1147ms (cache miss)
3330 silly packumentCache corgi:https://registry.npmjs.org/minimatch set size:undefined disposed:false
3331 http fetch GET 200 https://registry.npmjs.org/confbox/-/confbox-0.2.4.tgz 12597ms (cache miss)
3332 http fetch GET 200 https://registry.npmjs.org/@eslint/config-array/-/config-array-0.21.2.tgz 11999ms (cache miss)
3333 http fetch GET 200 https://registry.npmjs.org/esquery/-/esquery-1.7.0.tgz 12111ms (cache miss)
3334 http fetch GET 200 https://registry.npmjs.org/@nodelib/fs.walk/-/fs.walk-1.2.8.tgz 12647ms (cache miss)
3335 silly packumentCache corgi:https://registry.npmjs.org/next cache-miss
3336 http fetch GET 200 https://registry.npmjs.org/jiti/-/jiti-2.7.0.tgz 13011ms (cache miss)
3337 http fetch GET 200 https://registry.npmjs.org/react/-/react-19.2.8.tgz 12253ms (cache miss)
3338 http fetch GET 200 https://registry.npmjs.org/object-inspect/-/object-inspect-1.13.4.tgz 12778ms (cache miss)
3339 http fetch GET 200 https://registry.npmjs.org/language-subtag-registry/-/language-subtag-registry-0.3.23.tgz 12997ms (cache miss)
3340 http fetch GET 200 https://registry.npmjs.org/node-fetch-native/-/node-fetch-native-1.6.7.tgz 13130ms (cache miss)
3341 http fetch GET 200 https://registry.npmjs.org/undici-types/-/undici-types-6.21.0.tgz 12346ms (cache miss)
3342 http fetch GET 200 https://registry.npmjs.org/consola/-/consola-3.4.2.tgz 13316ms (cache miss)
3343 http fetch GET 200 https://registry.npmjs.org/sharp/-/sharp-0.34.5.tgz 13241ms (cache miss)
3344 http fetch GET 200 https://registry.npmjs.org/@eslint/eslintrc/-/eslintrc-3.3.6.tgz 13212ms (cache miss)
3345 http fetch GET 200 https://registry.npmjs.org/@typescript-eslint/type-utils/-/type-utils-8.65.0.tgz 14206ms (cache miss)
3346 http fetch GET 200 https://registry.npmjs.org/@prisma/fetch-engine/-/fetch-engine-6.19.3.tgz 14648ms (cache miss)
3347 http fetch GET 200 https://registry.npmjs.org/postcss/-/postcss-8.4.31.tgz 14673ms (cache miss)
3348 http fetch GET 200 https://registry.npmjs.org/semver/-/semver-7.8.5.tgz 14431ms (cache miss)
3349 http fetch GET 200 https://registry.npmjs.org/@prisma/get-platform/-/get-platform-6.19.3.tgz 15098ms (cache miss)
3350 http fetch GET 200 https://registry.npmjs.org/js-yaml/-/js-yaml-4.3.0.tgz 14548ms (cache miss)
3351 http fetch GET 200 https://registry.npmjs.org/axe-core/-/axe-core-4.12.1.tgz 15465ms (cache miss)
3352 http fetch GET 200 https://registry.npmjs.org/tsx/-/tsx-4.23.1.tgz 15658ms (cache miss)
3353 http fetch GET 200 https://registry.npmjs.org/uri-js/-/uri-js-4.4.1.tgz 16549ms (cache miss)
3354 http fetch GET 200 https://registry.npmjs.org/@next/eslint-plugin-next/-/eslint-plugin-next-15.5.22.tgz 16659ms (cache miss)
3355 http fetch GET 200 https://registry.npmjs.org/fast-glob/-/fast-glob-3.3.1.tgz 16749ms (cache miss)
3356 http fetch GET 200 https://registry.npmjs.org/minimatch/-/minimatch-10.2.6.tgz 16723ms (cache miss)
3357 http fetch GET 200 https://registry.npmjs.org/@types/node/-/node-22.20.1.tgz 17122ms (cache miss)
3358 http fetch GET 200 https://registry.npmjs.org/tsconfig-paths/-/tsconfig-paths-3.15.0.tgz 17594ms (cache miss)
3359 http fetch GET 200 https://registry.npmjs.org/pure-rand/-/pure-rand-6.1.0.tgz 19120ms (cache miss)
3360 http fetch GET 200 https://registry.npmjs.org/@typescript-eslint/typescript-estree/-/typescript-estree-8.65.0.tgz 18731ms (cache miss)
3361 http fetch GET 200 https://registry.npmjs.org/@typescript-eslint/utils/-/utils-8.65.0.tgz 18727ms (cache miss)
3362 http fetch GET 200 https://registry.npmjs.org/react-dom/-/react-dom-19.2.8.tgz 18830ms (cache miss)
3363 http fetch GET 200 https://registry.npmjs.org/@esbuild/win32-x64/-/win32-x64-0.28.1.tgz 19835ms (cache miss)
3364 http fetch GET 200 https://registry.npmjs.org/ajv/-/ajv-6.15.0.tgz 19074ms (cache miss)
3365 http fetch GET 200 https://registry.npmjs.org/jsx-ast-utils/-/jsx-ast-utils-3.3.5.tgz 19612ms (cache miss)
3366 http fetch GET 200 https://registry.npmjs.org/es-iterator-helpers/-/es-iterator-helpers-1.4.0.tgz 19922ms (cache miss)
3367 http fetch GET 200 https://registry.npmjs.org/resolve/-/resolve-2.0.0-next.7.tgz 19690ms (cache miss)
3368 http fetch GET 200 https://registry.npmjs.org/@rushstack/eslint-patch/-/eslint-patch-1.16.1.tgz 20307ms (cache miss)
3369 http fetch GET 200 https://registry.npmjs.org/eslint-plugin-import/-/eslint-plugin-import-2.32.0.tgz 20350ms (cache miss)
3370 http fetch GET 200 https://registry.npmjs.org/axobject-query/-/axobject-query-4.1.0.tgz 21220ms (cache miss)
3371 http fetch GET 200 https://registry.npmjs.org/@img/sharp-win32-x64/-/sharp-win32-x64-0.34.5.tgz 21903ms (cache miss)
3372 http fetch GET 200 https://registry.npmjs.org/next 10116ms (cache miss)
3373 silly packumentCache corgi:https://registry.npmjs.org/next set size:undefined disposed:false
3374 silly packumentCache corgi:https://registry.npmjs.org/eslint cache-miss
3375 silly packumentCache corgi:https://registry.npmjs.org/@eslint%2fconfig-array cache-miss
3376 silly packumentCache corgi:https://registry.npmjs.org/@eslint%2feslintrc cache-miss
3377 silly packumentCache corgi:https://registry.npmjs.org/eslint-plugin-import cache-miss
3378 silly packumentCache corgi:https://registry.npmjs.org/eslint-plugin-jsx-a11y cache-miss
3379 silly packumentCache corgi:https://registry.npmjs.org/eslint-plugin-react cache-miss
3380 http fetch GET 200 https://registry.npmjs.org/aria-query/-/aria-query-5.3.2.tgz 24545ms (cache miss)
3381 http fetch GET 200 https://registry.npmjs.org/eslint-plugin-jsx-a11y 281ms (cache miss)
3382 silly packumentCache corgi:https://registry.npmjs.org/eslint-plugin-jsx-a11y set size:undefined disposed:false
3383 http fetch GET 200 https://registry.npmjs.org/@eslint%2feslintrc 317ms (cache miss)
3384 silly packumentCache corgi:https://registry.npmjs.org/@eslint%2feslintrc set size:undefined disposed:false
3385 http fetch GET 200 https://registry.npmjs.org/@eslint%2fconfig-array 352ms (cache miss)
3386 silly packumentCache corgi:https://registry.npmjs.org/@eslint%2fconfig-array set size:undefined disposed:false
3387 http fetch GET 200 https://registry.npmjs.org/eslint-plugin-import 381ms (cache miss)
3388 silly packumentCache corgi:https://registry.npmjs.org/eslint-plugin-import set size:undefined disposed:false
3389 http fetch GET 200 https://registry.npmjs.org/eslint-plugin-react 430ms (cache miss)
3390 silly packumentCache corgi:https://registry.npmjs.org/eslint-plugin-react set size:undefined disposed:false
3391 http fetch GET 200 https://registry.npmjs.org/eslint 646ms (cache miss)
3392 silly packumentCache corgi:https://registry.npmjs.org/eslint set size:undefined disposed:false
3393 silly packumentCache corgi:https://registry.npmjs.org/eslint-config-next cache-miss
3394 http fetch GET 200 https://registry.npmjs.org/eslint-plugin-jsx-a11y/-/eslint-plugin-jsx-a11y-6.10.2.tgz 25775ms (cache miss)
3395 http fetch GET 200 https://registry.npmjs.org/eslint-config-next 1194ms (cache miss)
3396 silly packumentCache corgi:https://registry.npmjs.org/eslint-config-next set size:undefined disposed:false
3397 silly packumentCache corgi:https://registry.npmjs.org/eslint-import-resolver-typescript cache-miss
3398 http fetch GET 200 https://registry.npmjs.org/eslint-import-resolver-typescript 710ms (cache miss)
3399 silly packumentCache corgi:https://registry.npmjs.org/eslint-import-resolver-typescript set size:undefined disposed:false
3400 silly packumentCache corgi:https://registry.npmjs.org/@eslint-community%2feslint-utils cache-miss
3401 silly packumentCache corgi:https://registry.npmjs.org/@typescript-eslint%2feslint-plugin cache-miss
3402 silly packumentCache corgi:https://registry.npmjs.org/@typescript-eslint%2fparser cache-miss
3403 silly packumentCache corgi:https://registry.npmjs.org/eslint-plugin-react-hooks cache-miss
3404 silly packumentCache corgi:https://registry.npmjs.org/@typescript-eslint%2ftype-utils cache-miss
3405 silly packumentCache corgi:https://registry.npmjs.org/@typescript-eslint%2futils cache-miss
3406 http fetch GET 200 https://registry.npmjs.org/typescript/-/typescript-5.9.3.tgz 28525ms (cache miss)
3407 http fetch GET 200 https://registry.npmjs.org/@eslint-community%2feslint-utils 650ms (cache miss)
3408 silly packumentCache corgi:https://registry.npmjs.org/@eslint-community%2feslint-utils set size:undefined disposed:false
3409 http fetch GET 200 https://registry.npmjs.org/@swc/helpers/-/helpers-0.5.15.tgz 30106ms (cache miss)
3410 http fetch GET 200 https://registry.npmjs.org/eslint-plugin-react-hooks 1908ms (cache miss)
3411 silly packumentCache corgi:https://registry.npmjs.org/eslint-plugin-react-hooks set size:undefined disposed:false
3412 http fetch GET 200 https://registry.npmjs.org/@typescript-eslint%2futils 2553ms (cache miss)
3413 silly packumentCache corgi:https://registry.npmjs.org/@typescript-eslint%2futils set size:undefined disposed:false
3414 http fetch GET 200 https://registry.npmjs.org/@typescript-eslint%2ftype-utils 3207ms (cache miss)
3415 silly packumentCache corgi:https://registry.npmjs.org/@typescript-eslint%2ftype-utils set size:undefined disposed:false
3416 http fetch GET 200 https://registry.npmjs.org/@typescript-eslint/scope-manager/-/scope-manager-8.65.0.tgz 32073ms (cache miss)
3417 http fetch GET 200 https://registry.npmjs.org/@typescript-eslint%2fparser 4812ms (cache miss)
3418 silly packumentCache corgi:https://registry.npmjs.org/@typescript-eslint%2fparser set size:undefined disposed:false
3419 http fetch GET 200 https://registry.npmjs.org/@typescript-eslint%2feslint-plugin 6167ms (cache miss)
3420 silly packumentCache corgi:https://registry.npmjs.org/@typescript-eslint%2feslint-plugin set size:undefined disposed:false
3421 http fetch GET 200 https://registry.npmjs.org/eslint-plugin-react/-/eslint-plugin-react-7.37.5.tgz 36288ms (cache miss)
3422 http fetch GET 200 https://registry.npmjs.org/eslint/-/eslint-9.39.5.tgz 37540ms (cache miss)
3423 http fetch GET 200 https://registry.npmjs.org/@typescript-eslint/eslint-plugin/-/eslint-plugin-8.65.0.tgz 38627ms (cache miss)
3424 http fetch GET 200 https://registry.npmjs.org/prisma/-/prisma-6.19.3.tgz 40296ms (cache miss)
3425 http fetch GET 200 https://registry.npmjs.org/@prisma/client/-/client-6.19.3.tgz 43093ms (cache miss)
3426 http fetch GET 200 https://registry.npmjs.org/caniuse-lite/-/caniuse-lite-1.0.30001806.tgz 46554ms (cache miss)
3427 http fetch GET 200 https://registry.npmjs.org/@next/swc-win32-x64-msvc/-/swc-win32-x64-msvc-15.5.22.tgz 50420ms (cache miss)
3428 http fetch GET 200 https://registry.npmjs.org/fast-check/-/fast-check-3.23.2.tgz 56673ms (cache miss)
